homega,previousyeartableposition,homegf,currenttableposition,awaygf,awayga,teamshortform,hasachievedobjective,yettowin,unbeatenallcomps,unbeatenleague,champion,leagueid,prevleagueid,highestpossible,teamform,highestprobable,homewins,artificialkey,nummatchesplayed,teamid,grouping,awaywins,objective,points,actualvsexpectations,homelosses,unbeatenhome,lastgameresult,unbeatenaway,awaylosses,awaydraws,homedraws,teamlongform
8,2,7,4,7,5,26,0,0,0,0,0,1,1,0,210,8,1,0,9,269,8,3,0,14,3,2,0,2,0,1,0,2,51
3,10,4,8,5,4,40,0,0,0,0,0,1,1,0,11210,3,1,1,9,271,3,1,8,12,2,0,1,2,0,1,3,3,44
4,8,3,13,6,9,33,0,0,0,0,0,1,1,0,1210,5,0,2,9,272,5,1,8,6,3,1,0,2,0,4,0,3,22
5,4,11,1,8,4,66,0,0,0,0,0,1,1,0,21220,0,3,3,9,819,0,3,0,19,1,1,0,2,0,1,1,0,70
3,5,4,3,4,6,40,0,0,0,0,0,1,1,0,21011,10,2,4,9,820,10,2,10,15,1,1,0,1,0,1,2,1,55
7,12,5,12,3,5,20,0,0,0,0,0,1,1,0,10011,5,1,5,9,822,5,0,3,8,2,2,0,1,0,1,4,1,29
8,13,8,5,4,4,80,0,0,0,0,0,1,1,0,22202,8,2,6,9,1445,8,2,3,14,0,2,0,0,0,1,1,1,51
5,6,6,6,3,6,53,0,0,0,0,0,1,1,0,1212,8,1,7,9,1446,8,2,3,13,0,0,1,0,0,2,0,4,48
3,9,5,9,8,9,46,0,0,0,0,0,1,1,0,2012,3,2,8,9,1447,3,1,3,11,1,1,0,0,0,3,1,1,40
2,1,12,2,7,6,73,0,0,0,0,1,1,1,0,21212,10,4,9,9,1516,10,1,0,18,2,0,1,0,0,1,2,1,66
4,11,6,10,5,11,33,0,0,0,0,0,1,1,0,12010,3,2,10,9,1786,3,0,3,10,1,1,0,2,0,2,2,2,37
3,3,10,7,1,4,46,0,0,0,0,0,1,1,0,2012,3,3,11,9,1788,3,0,10,12,3,1,0,0,0,2,2,1,44
7,14,6,11,5,8,20,0,0,0,0,0,1,1,0,10011,5,1,12,9,111660,5,1,5,9,1,2,0,1,0,2,1,2,33
9,7,4,14,5,10,33,0,0,0,0,0,1,1,0,20011,5,1,13,9,112425,5,0,3,6,2,3,0,1,0,2,3,0,22
3,2,8,4,7,5,46,0,0,0,0,0,4,4,0,22010,10,2,14,7,229,10,2,0,13,2,0,1,2,0,2,0,1,61
2,8,7,3,3,1,73,0,0,1,1,0,4,4,0,21212,10,2,15,7,230,10,2,3,15,0,0,1,0,1,0,1,2,71
4,1,12,1,7,3,86,0,0,0,1,1,4,4,0,21222,0,4,16,7,231,0,2,0,19,1,0,1,0,1,0,1,0,90
4,6,6,6,4,2,53,0,0,0,0,0,4,4,0,12201,8,2,17,7,232,8,1,8,12,1,0,1,1,0,1,1,2,57
6,3,4,10,5,4,26,0,0,0,0,0,4,4,0,21,3,1,18,7,670,3,1,3,7,1,3,0,1,0,1,1,0,33
4,5,8,2,9,3,86,0,0,1,1,0,4,4,0,22212,10,3,19,7,673,10,2,10,17,1,0,1,0,1,0,1,1,80
5,4,8,5,8,5,80,0,0,0,0,0,4,4,0,22220,8,2,20,7,674,8,2,8,13,1,1,0,2,0,1,0,1,61
1,10,2,7,7,7,53,0,0,0,0,0,4,4,0,11022,3,1,21,7,680,3,1,3,10,1,0,1,0,0,1,2,2,47
5,11,6,8,4,7,46,0,0,0,0,0,4,4,0,2201,3,2,22,7,682,3,1,3,10,1,1,0,1,0,2,0,1,47
6,16,6,9,1,2,33,0,0,0,0,0,4,4,0,12001,3,2,23,7,1750,3,0,5,9,0,1,0,1,0,1,3,0,42
7,13,1,15,5,8,26,0,0,0,0,0,4,4,0,10020,3,1,24,7,2007,3,0,5,4,0,2,0,2,0,3,1,0,19
8,15,5,11,3,9,46,0,0,0,0,0,4,4,0,221,3,1,25,7,2013,3,1,5,7,0,2,0,1,0,2,1,0,33
7,9,8,13,4,12,20,0,0,0,0,0,4,4,0,20000,3,1,26,7,15005,3,0,3,5,1,1,0,2,0,3,1,1,23
9,7,5,12,2,4,26,0,0,0,0,0,4,4,0,210,3,0,27,7,100081,3,1,3,5,1,2,0,2,0,2,1,1,23
2,12,2,14,5,10,13,0,1,0,0,0,4,4,0,1001,3,0,28,7,110913,3,0,3,4,1,0,1,1,0,3,1,3,19
3,14,1,16,2,7,20,0,0,0,0,0,4,4,0,2,5,1,29,7,111560,5,0,5,3,1,3,0,0,0,3,0,0,14
8,10,13,15,9,25,46,0,0,0,0,0,7,7,0,20102,5,6,30,25,517,5,1,3,29,2,1,0,0,0,9,3,5,30
9,14,11,10,13,21,33,0,0,0,0,0,7,7,0,1120,3,6,31,25,567,3,2,8,31,2,3,0,2,0,7,4,3,33
8,5,13,7,6,11,46,0,0,0,0,0,7,7,0,21111,8,6,32,25,568,8,2,9,34,2,2,0,1,0,5,6,4,33
11,9,23,6,18,18,53,0,0,0,0,0,7,7,0,1221,8,9,33,25,1035,8,3,8,42,1,2,0,1,0,5,4,2,53
11,11,26,11,4,17,40,0,0,0,0,0,7,7,0,20002,3,8,34,25,1039,3,0,3,30,1,3,0,0,0,8,5,1,56
3,18,18,2,14,12,53,0,0,0,0,0,7,7,0,11220,9,9,35,25,1048,9,5,3,49,0,0,1,2,0,4,4,3,76
9,3,18,9,10,14,73,0,0,0,0,0,7,7,0,22121,3,5,36,24,1053,3,3,0,32,4,3,0,1,0,5,4,4,53
12,12,20,14,5,18,46,0,0,0,0,0,7,7,0,20201,3,6,37,25,1598,3,1,3,29,1,2,0,1,0,8,3,5,40
5,4,23,5,8,7,46,0,0,0,0,0,7,7,0,2102,8,8,38,25,1629,8,4,9,44,2,1,0,0,0,4,4,4,60
12,16,14,13,9,30,66,0,0,0,0,0,7,7,0,22120,3,7,39,25,1719,3,1,5,29,0,3,0,2,0,9,3,2,36
14,20,9,20,2,19,6,0,0,0,0,0,7,7,0,100,5,3,40,25,111048,5,0,5,16,2,4,0,2,0,11,1,6,10
12,15,12,19,9,26,26,0,0,0,0,0,7,7,0,2010,5,4,41,25,111057,5,2,5,24,2,3,0,2,0,10,1,5,16
13,19,11,17,6,12,66,0,0,0,0,0,7,7,0,2212,5,4,42,25,111059,5,2,5,27,2,4,0,0,0,6,4,5,53
12,17,17,12,7,17,33,0,0,0,0,0,7,7,0,10210,3,6,43,25,112001,3,2,5,30,0,2,0,2,0,9,1,5,43
11,8,18,16,8,25,46,0,0,0,0,0,7,7,0,1022,5,6,44,25,112476,5,0,3,28,2,1,0,0,0,8,5,5,40
1,2,9,2,5,0,86,0,0,1,1,0,10,10,0,12222,10,2,45,5,245,10,2,0,13,2,0,1,0,1,0,0,1,86
2,4,7,3,6,6,66,0,0,0,0,0,10,10,0,2221,10,2,46,5,246,10,1,0,10,2,0,1,1,0,1,1,0,66
1,1,10,1,11,2,100,0,0,0,1,1,10,10,0,22222,0,2,47,5,247,0,3,0,15,1,0,1,0,1,0,0,0,100
3,16,2,11,5,6,33,0,0,0,0,0,10,10,0,10012,3,0,48,5,634,3,1,3,5,1,1,0,0,0,1,1,1,33
3,17,3,15,1,4,26,0,0,0,0,0,10,10,0,20010,3,1,49,5,635,3,0,5,4,0,2,0,2,0,1,1,0,26
10,7,4,10,6,6,40,0,0,0,0,0,10,10,0,220,3,1,50,5,650,3,1,3,6,1,2,0,2,0,1,0,0,40
3,5,4,14,1,5,33,0,0,0,0,0,10,10,0,2110,3,1,51,5,1903,3,0,8,5,2,1,0,2,0,1,1,1,33
5,14,5,17,2,9,20,0,0,0,0,0,10,10,0,2000,5,1,52,5,1904,5,0,3,3,2,2,0,2,0,2,0,0,20
1,3,6,5,6,4,53,0,0,0,0,0,10,10,0,22101,8,1,53,5,1906,8,1,10,8,2,0,1,1,0,1,0,2,53
3,13,7,8,2,6,46,0,0,0,0,0,10,10,0,2201,3,1,54,5,1907,3,1,3,7,1,1,0,1,0,1,0,1,46
5,6,5,6,3,1,53,0,0,0,0,0,10,10,0,21102,8,1,55,5,1909,8,1,8,8,1,1,0,0,1,0,2,0,53
11,8,7,12,4,3,33,0,0,0,0,0,10,10,0,21010,3,0,56,5,1913,3,1,8,5,2,2,0,2,1,0,1,1,33
7,9,3,16,1,2,20,0,0,0,0,0,10,10,0,20,5,0,57,5,1914,5,1,3,3,2,3,0,2,0,1,0,0,20
2,12,0,18,2,8,20,0,0,0,0,0,10,10,0,200,5,0,58,5,1915,5,1,8,3,4,2,0,2,0,2,0,0,20
5,11,3,13,4,5,33,0,0,0,0,0,10,10,0,10201,3,0,59,5,1971,3,1,3,5,1,1,0,1,0,1,1,1,33
5,18,2,9,4,7,46,0,0,0,0,0,10,10,0,20012,3,0,60,5,100628,3,2,5,7,0,1,0,0,0,1,0,1,46
4,10,7,4,6,9,66,0,0,0,0,0,10,10,0,12022,8,2,61,5,100634,8,1,3,10,0,0,1,0,0,1,1,0,66
2,15,1,7,4,2,53,0,0,0,0,0,10,10,0,20112,8,0,62,5,100651,8,2,3,8,0,1,0,0,1,0,1,1,53
3,6,3,7,7,6,60,0,0,0,0,0,13,13,0,222,3,1,63,5,1,3,2,1,9,3,1,0,0,0,1,0,0,60
3,5,9,1,5,1,100,0,0,1,1,0,13,13,0,22222,0,3,64,5,5,0,2,1,15,0,0,1,0,1,0,0,0,100
5,8,4,10,4,4,40,0,0,0,0,0,13,13,0,12110,3,1,65,5,7,3,0,2,6,2,1,0,2,1,0,2,1,40
0,4,5,2,6,2,100,0,0,1,1,0,13,13,0,22222,1,2,66,5,9,1,3,0,15,2,0,1,0,1,0,0,0,100
2,1,11,3,3,1,86,0,0,0,1,1,13,13,0,22122,1,3,67,5,10,1,1,0,13,2,0,1,0,1,0,1,0,86
4,2,2,8,6,4,60,0,0,0,0,0,13,13,0,20022,3,1,68,5,11,3,2,0,9,4,1,0,0,0,1,0,0,60
6,10,3,19,1,2,6,0,1,0,0,0,13,13,0,1000,4,0,69,5,13,4,0,2,1,4,3,0,2,0,1,1,0,6
4,17,3,13,3,2,33,0,0,0,0,0,13,13,0,10021,3,0,70,5,17,3,1,3,5,1,1,0,1,0,1,0,2,33
3,3,4,6,6,3,60,0,0,0,0,0,13,13,0,22200,3,1,71,5,18,3,2,1,9,3,1,0,2,0,1,0,0,60
3,13,1,16,4,8,20,0,0,0,0,0,13,13,0,2,5,0,72,5,19,5,1,2,3,3,2,0,0,0,2,0,0,20
2,9,3,11,5,7,40,0,0,0,0,0,13,13,0,2200,3,1,73,5,95,3,1,3,6,1,1,0,2,0,2,0,0,40
3,1,4,9,1,2,53,0,0,0,0,1,13,14,0,10122,3,1,74,5,110,3,1,3,8,1,0,1,0,0,1,0,2,53
4,3,4,15,3,8,26,0,0,0,0,0,13,14,0,210,5,1,75,5,144,5,0,4,4,1,1,0,2,0,2,1,0,26
4,14,7,4,3,1,80,0,0,0,0,0,13,13,0,22220,1,3,76,5,1795,1,1,3,12,0,1,0,2,1,0,0,0,80
5,7,1,20,2,5,6,0,1,0,0,0,13,13,0,10000,4,0,77,5,1796,4,0,3,1,3,2,0,2,0,2,1,0,6
4,11,0,12,4,2,40,0,0,0,0,0,13,13,0,20002,3,0,78,5,1799,3,2,3,6,1,2,0,0,0,1,0,0,40
4,15,5,14,2,5,33,0,0,0,0,0,13,13,0,2011,3,1,79,5,1808,3,0,4,5,0,0,1,1,0,2,1,1,33
4,16,0,18,2,7,13,0,1,0,0,0,13,13,0,110,4,0,80,5,1939,4,0,4,2,2,2,0,2,0,1,1,1,13
4,12,8,5,2,3,66,0,0,0,0,0,13,13,0,22102,2,2,81,5,1943,2,1,4,10,0,0,1,0,0,1,0,1,66
3,2,2,17,1,6,13,0,1,0,0,0,13,14,0,1100,5,0,82,5,1961,5,0,4,2,1,1,0,2,0,2,1,1,13
5,4,8,7,6,7,40,0,0,0,0,0,14,14,6,11012,8,2,83,8,2,8,1,7,13,2,0,1,0,0,1,2,2,54
3,2,4,14,4,6,40,0,0,0,0,0,14,60,6,12011,3,1,84,8,3,3,1,3,11,2,0,1,1,0,1,2,3,45
7,21,4,15,5,5,26,0,0,0,0,0,14,14,6,20100,3,1,85,8,4,3,2,4,11,0,2,0,2,0,1,1,1,45
1,13,8,1,10,4,60,0,0,0,1,0,14,14,6,12112,6,3,86,8,8,6,2,7,18,0,0,1,0,1,0,2,1,75
0,5,7,2,4,3,66,0,0,0,0,0,14,14,6,22102,6,4,87,8,12,6,1,6,17,1,0,1,0,0,1,2,0,70
4,17,6,11,4,5,40,0,0,0,0,0,14,14,6,11012,3,2,88,8,14,3,0,6,11,4,0,1,0,0,1,3,2,45
5,16,4,16,3,9,66,0,0,0,0,0,14,14,6,2122,3,2,89,8,15,3,1,3,10,2,2,0,0,0,2,1,0,41
3,19,3,20,2,4,26,0,1,0,0,0,14,14,6,1111,5,0,90,8,88,5,0,3,6,3,0,1,1,0,2,2,4,25
4,6,5,9,5,5,66,0,0,0,0,0,14,14,6,22201,3,2,91,8,91,3,2,7,13,3,1,0,1,0,2,0,1,54
5,12,5,24,1,7,13,0,1,0,0,0,14,14,6,101,4,0,92,8,94,4,0,8,4,3,0,1,1,0,4,0,4,16
6,8,6,21,1,5,6,0,0,0,0,0,14,14,6,10,5,1,93,8,97,5,0,8,6,2,1,0,2,0,3,1,2,25
6,20,14,4,6,6,66,0,0,0,0,0,14,13,6,20212,7,3,94,8,109,7,1,6,14,2,1,0,0,0,1,2,0,58
7,14,6,12,6,6,66,0,0,0,0,0,14,14,6,20122,3,2,95,8,1792,3,1,7,11,3,2,0,0,0,1,2,0,45
7,20,3,22,6,6,33,0,0,0,0,0,14,14,6,11020,4,0,96,8,1793,4,1,3,5,4,4,0,2,0,1,2,0,20
4,10,7,6,5,5,66,0,0,0,0,0,14,14,6,22201,7,2,97,8,1794,7,2,8,13,0,1,0,1,0,2,0,1,54
3,4,5,18,1,10,40,0,0,0,0,0,14,60,6,2020,5,3,98,8,1797,5,0,4,9,1,1,0,2,0,4,0,0,37
7,7,7,23,0,8,6,0,0,0,0,0,14,14,6,100,4,1,99,8,1801,4,0,8,5,3,1,0,2,0,4,0,2,20
4,19,4,17,6,9,46,0,0,0,0,0,14,13,6,2012,5,2,100,8,1806,5,0,6,9,4,1,0,0,0,2,2,1,37
5,15,7,13,5,8,66,0,0,0,0,0,14,14,6,22210,3,2,101,8,1807,3,1,7,11,3,0,1,2,0,3,0,2,45
5,1,8,8,5,6,60,0,0,0,0,1,14,60,6,20202,8,3,102,8,1917,8,1,4,13,0,0,1,0,0,3,0,1,54
4,11,6,5,8,6,80,0,0,0,0,0,14,14,6,22220,7,2,103,8,1919,7,2,7,14,1,1,0,2,0,1,1,1,58
2,9,11,3,4,5,53,0,0,0,0,0,14,14,6,10221,7,4,104,8,1925,7,0,7,15,1,0,1,1,0,1,3,0,62
6,18,4,19,5,7,40,0,0,0,0,0,14,14,6,20020,5,1,105,8,1952,5,1,8,7,2,3,0,2,0,2,1,0,29
3,18,3,10,4,3,33,0,0,0,0,0,14,13,6,10210,3,1,106,8,1960,3,2,6,12,4,1,0,2,0,1,1,2,50
6,6,5,19,1,4,26,0,0,0,0,0,16,16,0,201,4,1,107,5,59,4,0,2,4,4,1,0,1,0,2,0,1,26
5,12,2,20,1,9,0,0,1,0,0,0,16,16,0,0,4,0,108,5,62,4,0,3,0,3,2,0,2,0,3,0,0,0
1,17,6,3,3,3,66,0,0,0,0,0,16,16,0,21202,1,2,109,5,65,1,1,2,10,0,0,1,0,0,1,1,0,66
1,3,4,7,2,3,46,0,0,0,0,0,16,16,0,20201,3,2,110,5,66,3,0,1,7,3,1,0,1,0,1,1,0,46
3,2,2,15,5,4,33,0,0,0,0,0,16,16,0,21001,5,0,111,5,69,5,1,1,5,4,1,0,1,0,1,1,1,33
3,10,2,6,3,1,53,0,0,0,0,0,16,16,0,2121,3,0,112,5,70,3,2,3,8,1,1,0,1,1,0,0,2,53
4,9,2,17,3,4,33,0,0,0,0,0,16,16,0,121,5,0,113,5,71,5,1,2,5,3,1,0,1,0,1,0,2,33
6,8,2,11,2,1,46,0,0,0,0,0,16,16,0,1022,3,1,114,5,72,3,1,2,7,2,2,0,0,1,0,1,0,46
1,1,10,1,7,3,100,0,0,0,1,1,16,16,0,22222,0,3,115,5,73,0,2,0,15,1,0,1,0,1,0,0,0,100
0,5,3,9,4,7,46,0,0,0,0,0,16,16,0,2120,3,2,116,5,74,3,0,2,7,2,0,1,2,0,2,1,0,46
4,15,3,16,3,3,33,0,0,0,0,0,16,16,0,21001,5,0,117,5,76,5,1,4,5,1,1,0,1,0,1,1,1,33
3,16,3,13,3,4,40,0,0,0,0,0,16,16,0,1121,3,0,118,5,210,3,1,4,6,0,0,1,1,0,1,1,2,40
2,4,10,2,4,5,66,0,0,0,0,0,16,16,0,20122,1,2,119,5,219,1,1,1,10,1,0,1,0,0,1,0,1,66
5,2,5,8,7,7,46,0,0,0,0,0,16,17,0,22001,3,1,120,5,224,3,1,4,7,0,1,0,1,0,1,1,0,46
1,1,1,10,2,4,46,0,0,0,0,1,16,17,0,22001,3,1,121,5,379,3,1,4,7,0,1,0,1,0,1,1,0,46
4,14,4,12,4,5,40,0,0,0,0,0,16,16,0,22,3,1,122,5,1530,3,1,3,6,1,1,0,0,0,2,0,0,40
2,18,4,4,2,5,66,0,0,0,0,0,16,16,0,2221,2,2,123,5,1809,2,1,3,10,0,0,1,1,0,1,0,1,66
6,13,7,18,0,2,26,0,0,0,0,0,16,16,0,210,5,1,124,5,1816,5,0,4,4,1,2,0,2,0,1,1,0,26
1,7,2,14,1,5,40,0,0,0,0,0,16,16,0,21110,3,1,125,5,1819,3,0,2,6,2,0,1,2,0,1,2,1,40
5,11,3,5,6,1,60,0,0,0,0,0,16,16,0,22200,3,1,126,5,110569,3,2,4,9,0,2,0,2,1,0,0,0,60
5,11,3,16,4,6,40,0,0,0,0,0,17,17,6,22000,5,1,127,7,57,5,1,7,6,4,2,0,2,0,3,0,0,28
0,14,5,3,5,2,80,0,0,0,0,0,17,17,6,22202,6,3,128,6,64,7,2,6,15,2,0,1,0,0,1,0,0,83
2,20,10,1,8,3,100,0,0,1,1,0,17,16,6,22222,6,3,129,7,68,6,4,6,21,1,0,1,0,1,0,0,0,100
3,9,3,13,1,3,40,0,0,0,0,0,17,17,6,11120,3,1,130,7,212,3,0,5,7,0,1,0,2,0,1,3,1,33
1,7,4,2,8,2,86,0,0,1,1,0,17,17,6,22122,7,2,131,7,217,6,3,6,17,1,0,1,0,1,0,1,1,80
1,10,3,11,3,6,60,0,0,0,0,0,17,17,6,22020,3,2,132,7,226,3,1,3,9,1,1,0,2,0,3,0,0,42
4,19,3,17,1,4,20,0,0,0,0,0,17,16,6,2,5,1,133,7,294,5,1,6,6,4,3,0,0,0,2,0,0,28
3,5,6,4,4,3,66,0,0,0,0,0,17,17,6,10222,8,2,134,7,378,8,2,7,13,2,1,0,0,0,1,0,1,61
4,3,2,18,2,5,13,0,0,0,0,0,17,17,6,101,5,0,135,7,614,5,1,7,5,4,2,0,1,0,2,0,2,23
2,4,4,6,2,1,66,0,0,0,0,0,17,17,6,21022,8,1,136,7,1738,8,2,7,12,2,0,1,0,0,1,1,2,57
2,20,6,9,1,4,46,0,0,0,0,0,17,17,6,20102,3,3,137,7,1805,3,0,5,11,0,0,1,0,0,2,1,1,52
3,15,7,5,3,4,46,0,0,0,0,0,17,17,6,1220,8,2,138,7,1813,8,2,5,13,0,0,1,2,0,2,0,1,61
3,6,5,8,6,4,66,0,0,0,0,0,17,17,6,1222,3,2,139,7,1815,3,1,8,11,2,1,0,0,0,1,1,1,52
7,17,0,20,0,4,0,0,1,0,0,0,17,17,6,0,5,0,140,7,1823,5,0,7,0,4,4,0,2,0,3,0,0,0
5,16,6,10,4,6,46,0,0,0,0,0,17,17,6,2120,3,2,141,7,110316,3,1,5,11,0,1,0,2,0,1,1,1,52
6,13,4,12,4,7,13,0,0,0,0,0,17,17,6,10100,3,1,142,7,110456,3,1,3,8,1,1,0,2,0,2,0,2,38
6,18,2,19,2,4,26,0,0,0,0,0,17,17,6,1200,5,1,143,7,111273,5,0,5,4,2,3,0,2,0,2,1,0,19
0,8,5,7,2,6,53,0,0,0,0,0,17,17,6,12021,3,3,144,7,111817,3,0,3,12,1,0,1,1,0,1,3,0,57
5,12,6,14,3,9,46,0,0,0,0,0,17,17,6,1202,3,2,145,7,112276,3,0,5,7,0,2,0,0,0,2,1,0,33
4,19,1,15,3,2,20,0,0,0,0,0,17,17,6,2000,5,0,146,6,113948,5,2,5,6,1,2,0,2,0,2,0,0,33
2,1,6,1,3,0,100,0,0,1,1,1,19,19,0,222,0,2,147,3,21,0,1,0,9,1,0,1,0,1,0,0,0,100
2,4,7,2,0,0,77,0,0,1,1,0,19,19,0,212,1,2,148,3,22,1,0,1,7,1,0,1,0,1,0,1,0,77
1,9,4,4,1,1,77,0,0,1,1,0,19,19,0,212,1,2,149,3,23,1,0,2,7,0,0,1,0,1,0,1,0,77
5,15,3,15,1,3,11,0,1,0,0,0,19,19,0,1,5,0,150,3,25,5,0,4,1,1,1,0,1,0,1,0,1,11
3,5,1,18,1,5,0,0,1,0,0,0,19,19,0,0,4,0,151,3,32,4,0,1,0,4,1,0,2,0,2,0,0,0
2,2,0,17,2,4,0,0,1,0,0,0,19,19,0,0,4,0,152,3,34,4,0,1,0,4,1,0,2,0,2,0,0,0
3,7,0,16,3,4,11,0,1,0,0,0,19,19,0,1,5,0,153,3,36,5,0,3,1,2,1,0,1,0,1,1,0,11
2,11,2,7,2,1,55,0,0,1,1,0,19,19,0,121,3,0,154,3,38,3,1,3,5,1,0,1,1,1,0,0,2,55
0,10,1,5,4,2,77,0,0,1,1,0,19,19,0,221,2,1,155,3,166,2,1,3,7,0,0,1,1,1,0,1,0,77
1,14,3,6,1,1,77,0,0,1,1,0,19,19,0,212,2,2,156,3,169,2,0,3,7,0,0,1,0,1,0,1,0,77
1,2,1,14,1,2,22,0,1,0,0,0,19,20,0,11,5,0,157,3,171,5,0,4,2,1,0,1,1,0,1,1,1,22
3,16,4,3,3,1,77,0,0,1,1,0,19,19,0,221,1,1,158,3,175,1,1,3,7,0,0,1,1,1,0,0,1,77
0,13,0,13,3,4,22,0,1,0,0,0,19,19,0,110,3,0,159,3,485,3,0,3,2,1,0,1,2,0,1,1,1,22
2,8,1,12,3,3,33,0,0,0,0,0,19,19,0,200,3,0,160,3,1824,3,1,3,3,1,1,0,2,0,1,0,0,33
1,3,3,11,2,5,33,0,0,0,0,0,19,19,0,20,3,1,161,3,10029,3,0,2,3,2,0,1,2,0,2,0,0,33
1,12,1,8,3,3,44,0,0,0,0,0,19,19,0,210,3,0,162,3,100409,3,1,3,4,1,0,1,2,0,1,0,1,44
3,1,3,9,1,1,44,0,0,0,0,1,19,20,0,12,3,1,163,3,110636,3,0,4,4,0,1,0,0,1,0,1,0,44
3,6,4,10,1,4,44,0,0,0,0,0,19,19,0,12,3,1,164,3,112172,3,0,1,4,3,0,1,0,0,1,0,1,44
5,17,6,1,4,0,80,0,0,0,0,0,20,19,6,2222,6,2,165,5,28,6,2,6,12,1,1,0,0,1,0,0,0,80
7,18,7,4,7,3,66,0,0,0,0,0,20,19,6,21220,8,1,166,5,31,8,2,6,10,3,1,0,2,1,0,0,1,66
4,4,7,9,1,4,53,0,0,0,0,0,20,20,6,12021,3,2,167,5,159,3,0,3,8,1,0,1,1,0,1,2,0,53
2,6,7,3,4,2,66,0,0,0,0,0,20,20,6,2212,7,2,168,5,160,7,1,8,10,0,1,0,0,1,0,1,0,66
4,15,9,2,2,1,73,0,0,0,1,0,20,20,6,21122,6,2,169,5,165,6,1,3,11,0,0,1,0,1,0,1,1,73
4,14,2,10,3,2,40,0,0,0,0,0,20,20,6,20020,3,1,170,5,503,3,1,3,6,1,2,0,2,0,1,0,0,40
1,16,3,14,3,7,26,0,0,0,0,0,20,20,6,1002,5,1,171,5,506,5,0,5,4,1,0,1,0,0,3,0,1,26
3,5,2,15,3,7,26,0,0,0,0,0,20,20,6,20100,5,1,172,5,543,5,0,5,4,1,1,0,2,0,2,0,1,26
2,3,3,8,4,4,53,0,0,0,0,0,20,20,6,21120,3,1,173,5,576,3,1,5,8,0,0,1,2,0,1,1,1,53
3,7,0,18,2,6,6,0,1,0,0,0,20,20,6,1,5,0,174,5,1825,5,0,3,1,3,2,0,1,0,2,1,0,6
3,8,7,6,1,1,60,0,0,1,1,0,20,20,6,21211,8,2,175,5,1831,8,0,7,9,2,0,1,1,1,0,2,1,60
2,2,4,7,7,6,53,0,0,0,0,0,20,2076,6,2112,3,1,176,5,10030,3,1,5,8,0,0,1,0,0,1,1,1,53
3,11,0,17,2,5,13,0,1,0,0,0,20,20,6,11,5,0,177,5,110178,5,0,5,2,2,1,0,1,0,2,1,1,13
5,12,5,11,4,8,40,0,0,0,0,0,20,20,6,22000,3,1,178,5,110329,3,1,3,6,1,1,0,2,0,2,0,0,40
1,10,5,5,1,2,66,0,0,0,0,0,20,20,6,20221,8,2,179,5,110502,8,1,3,10,0,0,1,1,0,1,0,1,66
3,1,2,16,1,2,20,0,1,0,0,1,20,2076,6,1101,5,0,180,5,110588,5,0,5,3,1,1,0,1,0,1,1,2,20
2,13,1,12,6,5,33,0,0,0,0,0,20,20,6,11200,3,0,181,5,111235,3,1,3,5,1,1,0,2,0,1,1,1,33
3,9,4,13,2,9,33,0,0,0,0,0,20,20,6,1120,3,1,182,5,111239,3,0,7,5,3,0,1,2,0,2,1,1,33
1,7,4,13,3,5,33,0,0,0,0,0,31,31,0,2100,3,1,183,4,39,3,0,2,4,2,1,0,2,0,1,1,0,33
3,4,2,14,3,1,33,0,0,0,0,0,31,31,0,120,5,0,184,4,44,3,1,0,4,4,1,0,2,0,1,0,1,33
1,1,4,1,5,3,100,0,0,1,1,1,31,31,0,2222,0,2,185,4,45,0,2,0,12,1,0,1,0,1,0,0,0,100
2,5,2,8,1,2,50,0,0,0,0,0,31,31,0,22,3,1,186,4,46,3,1,1,6,3,1,0,0,0,1,0,0,50
1,6,2,15,3,4,44,0,0,0,0,0,31,31,0,21,3,1,187,3,47,5,0,1,4,4,0,1,1,0,1,1,0,44
2,2,4,3,2,4,75,0,0,0,0,0,31,31,0,2202,1,2,188,4,48,1,1,0,9,2,0,1,0,0,1,0,0,75
4,2,3,17,1,1,33,0,0,0,0,0,31,32,0,1002,5,0,189,4,50,5,1,4,4,1,1,0,0,0,1,0,1,33
5,3,5,9,2,2,41,0,0,0,0,0,31,31,0,2101,3,0,190,4,52,3,1,0,5,4,0,1,1,0,1,0,2,41
1,9,1,10,3,3,41,0,0,0,0,0,31,31,0,121,3,1,191,4,54,3,0,2,5,2,1,0,1,1,0,2,0,41
1,14,2,11,2,3,41,0,0,0,0,0,31,31,0,1201,3,1,192,4,55,3,0,3,5,1,0,1,1,0,1,1,1,41
4,15,0,18,0,1,8,0,1,0,0,0,31,31,0,100,4,0,193,4,189,4,0,3,1,3,2,0,2,0,1,1,0,8
3,13,2,20,3,8,16,0,1,0,0,0,31,31,0,11,4,0,194,4,192,4,0,4,0,2,1,0,1,0,1,1,1,16
1,1,2,16,1,2,33,0,0,0,0,1,31,32,0,2010,5,1,195,4,1746,5,0,4,4,1,1,0,2,0,1,1,0,33
1,10,4,4,5,1,58,0,0,0,0,0,31,31,0,221,2,1,196,4,1837,1,1,2,7,0,0,1,1,0,1,0,1,58
3,16,3,12,1,2,41,0,0,0,0,0,31,31,0,121,3,0,197,4,1842,3,1,3,5,1,0,1,1,0,1,0,2,41
1,8,7,5,1,2,58,0,0,0,0,0,31,31,0,2201,2,2,198,4,110374,2,0,2,7,1,0,1,1,0,1,1,0,58
1,12,3,7,3,5,66,0,0,0,0,0,31,31,0,202,1,2,199,3,110556,3,0,3,6,1,0,1,0,0,1,0,0,66
5,3,0,19,0,5,8,0,1,0,0,0,31,32,0,100,4,0,200,4,111657,4,0,4,1,2,1,0,2,0,2,0,1,8
3,11,6,6,3,4,58,0,0,0,0,0,31,31,0,2120,3,2,201,4,111974,2,0,3,7,0,0,1,2,0,1,1,0,58
0,17,3,2,1,1,75,0,0,0,0,0,31,31,0,2202,1,2,202,4,112791,1,1,4,9,0,0,1,0,0,1,0,0,75
2,16,2,15,2,3,22,0,1,0,0,0,32,32,6,101,3,0,203,3,190,3,0,8,2,2,0,1,1,0,1,0,2,22
0,8,2,8,1,1,66,0,0,0,1,0,32,32,6,12,7,1,204,2,199,8,0,7,4,2,0,1,0,1,0,1,0,66
1,17,2,7,2,2,55,0,0,0,1,0,32,32,6,121,3,1,205,3,200,8,0,3,5,0,0,1,1,1,0,2,0,55
3,5,3,12,0,1,33,0,0,0,0,0,32,32,6,200,3,1,206,3,205,3,0,7,3,3,1,0,2,0,1,0,0,33
2,19,5,2,0,0,66,0,0,0,1,0,32,31,6,12,6,1,207,2,206,6,0,6,7,1,0,1,0,1,0,0,1,66
2,21,2,14,3,4,22,0,1,0,0,0,32,32,6,110,3,0,208,3,347,3,0,3,2,1,0,1,2,0,1,1,1,22
2,4,2,6,2,1,55,0,0,0,1,0,32,32,6,112,8,0,209,3,1843,7,1,7,5,1,0,1,0,1,0,1,1,55
1,20,0,17,1,2,0,0,1,0,0,0,32,32,6,0,5,0,210,2,1844,5,0,3,0,2,1,0,2,0,1,0,0,0
1,18,2,10,0,2,44,0,0,0,0,0,32,32,6,102,3,1,211,3,1847,3,0,5,4,0,0,1,0,0,1,0,1,44
0,12,3,4,2,2,55,0,0,0,1,0,32,32,6,112,7,1,212,3,110373,7,0,8,5,0,0,1,0,1,0,1,1,55
1,18,4,3,1,3,66,0,0,0,0,0,32,31,6,22,7,1,213,3,110734,7,1,6,6,2,0,1,0,0,1,0,0,66
2,10,3,13,0,3,33,0,0,0,0,0,32,32,6,20,3,1,214,3,110741,3,0,8,3,2,0,1,2,0,2,0,0,33
4,9,5,19,1,4,33,0,0,0,0,0,32,32,6,200,5,1,215,3,110911,5,0,3,0,2,1,0,2,0,1,0,0,33
0,19,1,11,1,4,44,0,0,0,0,0,32,32,6,120,3,1,216,3,110912,3,0,5,4,0,0,1,2,0,1,1,0,44
1,14,3,5,2,2,55,0,0,0,1,0,32,32,6,112,8,1,217,3,111434,7,0,8,5,0,0,1,0,1,0,1,1,55
0,6,5,1,1,0,100,0,0,1,1,0,32,32,6,222,6,2,218,3,111993,6,1,3,9,0,0,1,0,1,0,0,0,100
3,20,3,9,3,2,66,0,0,0,1,0,32,31,6,12,7,0,219,2,112026,3,1,6,4,4,0,1,0,1,0,0,1,66
0,22,0,16,1,3,16,0,1,0,0,0,32,32,6,10,5,0,220,2,112168,5,0,5,1,1,0,1,2,0,1,1,0,16
1,11,0,18,3,8,0,0,1,0,0,0,32,32,6,0,5,0,221,3,112409,5,0,8,0,3,1,0,2,0,2,0,0,0
18,5,27,10,8,16,53,0,0,0,0,0,39,39,16,20121,13,9,222,28,687,13,3,14,44,2,2,0,1,0,6,5,3,56
15,21,25,15,23,33,53,0,0,0,0,0,39,39,14,2121,11,8,223,28,688,11,1,11,35,1,2,0,1,0,9,6,2,60
10,9,31,2,22,22,53,0,0,0,0,0,39,39,16,12201,15,11,224,29,689,15,6,15,56,1,2,0,1,0,5,4,1,60
18,15,23,16,18,25,33,0,0,0,0,0,39,39,14,121,11,6,225,28,691,11,2,13,34,2,4,0,1,0,6,6,4,20
24,3,25,20,16,28,26,0,0,0,0,0,39,39,13,12,11,5,226,28,693,11,2,13,27,2,7,0,0,0,8,3,3,13
28,20,22,21,9,25,6,0,0,0,0,0,39,39,13,10000,11,5,227,28,694,11,1,11,24,1,7,0,2,0,9,3,3,30
16,13,30,4,17,21,53,0,0,0,0,0,39,39,16,21021,14,9,228,28,695,14,5,14,50,1,1,0,1,0,5,3,5,50
14,11,30,3,24,20,80,0,0,0,0,0,39,39,16,22022,14,9,229,28,696,14,6,14,51,1,2,0,0,0,5,3,3,63
24,22,29,14,25,35,13,0,0,0,0,0,39,39,14,10100,11,6,230,29,697,11,4,15,38,4,4,0,2,0,7,4,4,33
19,10,31,17,16,24,26,0,0,0,0,0,39,39,13,1002,11,7,231,28,698,11,1,14,31,3,5,0,0,0,8,4,3,16
22,8,28,12,18,32,66,0,0,0,0,0,39,39,16,21220,13,6,232,28,101112,13,5,13,40,1,3,0,2,0,7,2,5,56
19,14,33,7,16,28,66,0,0,0,0,0,39,39,16,2221,13,10,233,29,111065,13,3,13,45,1,1,0,1,0,9,2,4,53
17,19,24,19,16,38,13,0,0,0,0,0,39,39,13,10001,11,8,234,28,111138,11,1,11,30,1,4,0,1,0,12,2,1,36
15,17,25,13,16,31,66,0,0,0,0,0,39,39,14,12022,11,9,235,29,111139,11,3,11,39,1,4,0,0,0,10,2,1,50
11,6,24,9,17,29,46,0,0,0,0,0,39,39,16,2120,13,9,236,28,111140,13,3,14,44,2,2,0,2,0,6,5,3,43
12,7,23,8,14,16,100,0,0,0,0,0,39,39,16,22222,13,7,237,27,111144,13,6,14,44,2,4,0,0,0,5,3,2,93
25,1,30,18,20,30,46,0,0,0,0,1,39,39,13,12002,11,6,238,28,111651,11,2,16,30,4,6,0,0,0,8,4,2,46
32,12,23,23,19,25,26,0,0,0,0,0,39,39,11,10200,11,2,239,28,111928,11,2,11,20,1,7,0,2,0,9,3,5,26
18,16,22,11,18,27,66,0,0,0,0,0,39,39,16,22210,13,7,240,28,112134,13,5,11,40,0,5,0,2,0,7,2,2,63
27,18,25,22,15,39,6,0,0,0,0,0,39,39,13,100,11,5,241,28,112606,11,2,13,24,2,6,0,2,0,12,0,3,16
9,2,31,5,20,29,13,0,0,0,0,0,39,39,16,1001,13,10,242,29,112828,13,4,16,49,4,1,0,1,0,7,3,4,40
17,4,36,1,23,16,66,0,0,0,0,0,39,39,16,12202,16,8,243,28,112885,16,9,16,57,1,2,0,0,0,3,2,4,66
11,23,24,6,31,32,73,0,0,0,0,0,39,39,16,22121,13,7,244,28,112996,13,6,14,47,2,1,0,1,0,6,2,6,43
10,1,24,1,16,8,86,0,0,0,0,1,41,41,0,12222,0,7,245,22,298,0,8,0,49,1,1,0,0,0,2,1,3,83
9,12,9,15,13,26,26,0,0,0,0,0,41,41,10,1200,5,2,246,22,299,5,2,3,19,3,2,0,2,0,9,1,6,26
13,2,33,4,12,16,46,0,0,0,0,0,41,41,0,20012,8,9,247,22,417,8,2,0,37,3,3,0,0,0,4,4,0,56
10,11,21,9,12,21,26,0,0,0,0,0,41,41,0,21,3,6,248,22,418,3,3,3,30,1,3,0,1,0,7,1,2,43
14,9,16,13,8,24,40,0,0,0,0,0,41,41,10,12011,5,4,249,22,917,5,0,3,20,2,2,0,1,0,8,4,4,33
13,14,19,11,8,14,73,0,0,0,0,0,41,41,0,21221,3,4,250,22,918,3,2,3,27,1,3,0,1,0,4,5,4,50
6,5,17,2,17,14,60,0,0,0,0,0,41,41,0,2022,10,7,251,22,919,10,7,10,47,1,1,0,0,0,2,3,2,56
14,8,18,6,12,18,60,0,0,0,0,0,41,41,0,2220,8,5,252,22,920,8,4,8,33,1,2,0,2,0,5,2,4,40
14,4,21,12,15,22,20,0,0,0,0,0,41,41,10,11001,3,4,253,22,922,3,1,0,23,4,4,0,1,0,5,5,3,36
11,6,21,8,10,15,60,0,0,0,0,0,41,41,0,11212,3,5,254,22,1456,3,3,8,30,2,3,0,0,0,5,3,3,46
13,10,17,3,17,13,46,0,0,0,0,0,41,41,0,21200,10,6,255,22,1463,10,5,5,38,0,3,0,2,0,3,3,2,56
16,15,15,14,5,22,40,0,0,0,0,0,41,41,10,11012,5,5,256,22,1524,5,0,3,20,2,5,0,0,0,7,3,2,43
16,13,8,16,14,29,40,0,0,0,0,0,41,41,8,21011,5,1,257,22,1757,5,1,5,13,2,7,0,1,0,6,4,3,26
14,3,25,7,13,16,20,0,0,0,0,0,41,41,0,20000,3,6,258,22,112199,3,3,10,32,3,4,0,2,0,4,3,2,33
15,16,23,5,11,21,40,0,0,0,0,0,41,41,0,11201,8,6,259,22,112200,8,4,5,35,0,2,0,1,0,5,2,3,40
11,7,13,10,16,21,26,0,0,0,0,0,41,41,0,210,3,4,260,22,113459,3,3,5,28,0,3,0,2,0,5,3,4,40
3,2,1,8,3,2,40,0,0,0,0,0,50,50,0,12101,3,0,261,5,77,3,1,10,6,3,1,0,1,1,0,2,1,40
1,1,5,2,0,1,66,0,0,0,0,1,50,50,0,20221,10,3,262,5,78,10,0,0,10,2,0,1,1,0,1,1,0,66
1,6,5,1,6,1,100,0,0,1,1,0,50,50,0,22222,0,2,263,5,80,0,3,8,15,0,0,1,0,1,0,0,0,100
3,4,7,5,2,3,53,0,0,0,0,0,50,50,0,21102,8,2,264,5,81,8,0,8,8,1,0,1,0,0,1,1,1,53
1,5,2,7,4,3,46,0,0,0,0,0,50,50,0,21020,3,1,265,5,82,3,1,8,7,2,1,0,2,0,1,1,0,46
5,7,3,9,3,4,26,0,0,0,0,0,50,50,0,120,3,0,266,5,83,3,1,3,4,1,2,0,2,0,1,0,1,26
0,3,6,4,4,5,53,0,0,0,0,0,50,50,0,12102,8,2,267,5,86,8,0,0,8,3,0,1,0,0,1,2,0,53
4,9,1,12,1,7,0,0,1,0,0,0,50,50,0,0,5,0,268,5,180,5,0,5,0,2,2,0,2,0,3,0,0,0
6,10,2,11,1,2,20,0,0,0,0,0,50,50,0,2000,5,0,269,5,184,5,1,5,3,1,2,0,2,0,2,0,0,20
1,12,3,3,3,3,66,0,0,0,0,0,50,50,0,1222,10,2,270,5,621,10,1,5,10,0,0,1,0,0,1,0,1,66
2,8,3,6,2,3,53,0,0,0,0,0,50,50,0,1221,3,1,271,5,100804,3,1,3,8,1,0,1,1,0,1,0,2,53
3,11,2,10,1,6,26,0,0,0,0,0,50,50,0,20001,5,1,272,5,100805,5,0,5,4,1,1,0,1,0,2,0,1,26
1,2,2,9,1,3,41,0,0,0,0,0,53,53,0,1201,3,1,273,4,240,3,0,0,5,4,0,1,1,0,1,1,1,41
2,1,11,1,3,1,100,0,0,1,1,1,53,53,0,2222,0,2,274,4,241,0,2,0,12,1,0,1,0,1,0,0,0,100
1,3,6,2,5,2,83,0,0,0,1,0,53,53,0,2221,1,2,275,4,243,1,1,0,10,2,0,1,1,1,0,1,0,83
4,16,5,8,0,0,55,0,0,1,1,0,53,53,0,211,3,1,276,3,448,3,0,2,5,2,0,1,1,1,0,0,2,55
3,6,1,10,0,0,41,0,0,0,0,0,53,53,0,121,3,1,277,4,449,3,0,2,5,2,1,0,1,1,0,2,0,41
1,13,3,3,4,4,58,0,0,0,0,0,53,53,0,1220,1,1,278,4,450,1,1,2,7,0,0,1,2,0,1,0,1,58
0,11,3,4,2,3,58,0,0,0,0,0,53,53,0,1202,1,2,279,4,452,1,0,3,7,0,0,1,0,0,1,1,0,58
2,12,1,13,5,5,33,0,0,0,0,0,53,53,0,2100,3,0,280,4,457,3,1,2,4,2,1,0,2,0,1,1,0,33
1,4,1,17,2,4,25,0,1,0,0,0,53,53,0,1011,4,0,281,4,461,5,0,1,3,4,0,1,1,0,1,1,2,25
2,5,0,19,0,0,16,0,1,0,0,0,53,54,0,1010,4,0,282,4,462,4,0,4,2,2,2,0,2,1,0,2,0,16
1,14,2,7,1,3,58,0,0,0,0,0,53,53,0,122,3,1,283,4,463,3,1,3,7,1,0,1,0,0,1,0,1,58
3,9,3,15,1,3,33,0,0,0,0,0,53,53,0,21,5,1,284,4,467,5,0,3,4,2,1,0,1,0,1,1,0,33
4,1,1,18,1,1,33,0,0,0,0,1,53,54,0,2,5,0,285,3,480,4,1,4,3,2,1,0,0,0,1,0,0,33
2,7,0,12,4,2,33,0,0,0,0,0,53,53,0,2100,3,0,286,4,481,3,1,2,4,2,1,0,2,0,1,0,1,33
3,5,1,14,1,0,33,0,0,0,0,0,53,53,0,102,3,0,287,4,483,3,1,1,4,3,2,0,0,1,0,1,0,33
4,15,3,11,3,1,33,0,0,0,0,0,53,53,0,2010,3,0,288,4,1853,3,1,3,4,1,1,0,2,0,1,0,1,33
0,8,2,5,2,2,58,0,0,0,0,0,53,53,0,212,2,1,289,4,1860,2,1,3,7,0,0,1,0,0,1,0,1,58
3,17,2,20,2,6,8,0,1,0,0,0,53,53,0,100,4,0,290,4,100888,4,0,3,1,3,1,0,2,0,2,0,1,8
6,10,4,6,1,0,58,0,0,0,0,0,53,53,0,1022,2,1,291,4,110062,2,1,3,7,0,1,0,0,1,0,0,1,58
1,2,0,16,6,11,33,0,0,0,0,0,53,54,0,2100,5,0,292,4,110839,5,1,4,4,1,1,0,2,0,1,1,0,33
0,18,1,8,4,4,53,0,0,0,0,0,54,53,6,12120,8,1,293,5,242,8,1,6,8,3,0,1,2,0,1,2,0,53
2,3,3,6,5,2,53,0,0,0,0,0,54,54,6,21120,7,1,294,5,244,7,1,7,8,1,0,1,2,0,1,1,1,53
3,11,2,19,2,3,20,0,1,0,0,0,54,54,6,11100,5,0,295,5,260,5,0,8,3,4,1,0,2,0,1,2,1,20
0,20,2,4,2,2,66,0,0,0,0,0,54,54,6,22021,7,2,296,5,453,7,1,5,10,0,0,1,1,0,1,1,0,66
1,4,5,7,1,2,53,0,0,0,0,0,54,54,6,12201,8,2,297,5,459,8,0,7,8,2,0,1,1,0,1,1,1,53
3,21,1,20,1,2,20,0,1,0,0,0,54,54,6,11001,5,0,298,5,468,5,0,5,3,2,1,0,1,0,1,1,2,20
6,22,2,22,1,3,6,0,1,0,0,0,54,54,6,10000,5,0,299,5,469,5,0,5,1,2,3,0,2,0,1,1,0,6
1,19,7,2,3,2,73,0,0,1,1,0,54,53,6,21122,6,2,300,5,472,6,1,6,11,1,0,1,0,1,0,1,1,73
1,6,2,12,6,7,40,0,0,0,0,0,54,54,6,11021,3,1,301,5,477,3,0,7,6,3,0,1,1,0,1,2,1,40
2,8,4,15,0,4,26,0,0,0,0,0,54,54,6,1020,3,1,302,5,479,3,0,8,4,2,0,1,2,0,3,0,1,26
0,20,5,1,3,1,100,0,0,1,1,0,54,53,6,22222,6,3,303,5,573,6,2,6,15,1,0,1,0,1,0,0,0,100
2,17,5,5,3,2,60,0,0,1,1,0,54,54,6,11221,7,1,304,5,1854,7,1,3,9,0,0,1,1,1,0,1,2,60
3,18,3,17,1,4,26,0,0,0,0,0,54,54,6,1002,5,1,305,5,1861,5,0,3,4,2,1,0,0,0,2,0,1,26
7,16,5,21,0,6,13,0,1,0,0,0,54,54,6,10010,5,0,306,5,1867,5,0,3,2,3,1,0,2,0,2,0,2,13
1,9,2,13,2,3,40,0,0,0,0,0,54,54,6,21101,3,1,307,5,1968,3,0,8,6,2,0,1,1,0,1,2,1,40
2,15,2,18,0,6,26,0,0,0,0,0,54,54,6,10002,5,1,308,5,15019,5,0,3,4,2,1,0,0,0,2,0,1,26
1,13,3,9,0,1,53,0,0,0,0,0,54,54,6,10212,3,2,309,5,100831,3,0,3,8,1,0,1,0,0,1,1,1,53
1,19,1,14,2,5,40,0,0,0,0,0,54,54,6,220,3,1,310,5,110066,3,1,5,6,0,1,0,2,0,2,0,0,40
5,7,1,10,7,3,53,0,0,0,0,0,54,54,6,12102,3,0,311,5,110827,3,2,8,8,2,1,0,0,1,0,1,1,53
6,12,4,16,1,2,26,0,0,0,0,0,54,54,6,1200,5,1,312,5,110831,5,0,3,4,2,2,0,2,0,1,1,0,26
1,10,6,3,3,1,73,0,0,1,1,0,54,54,6,11222,7,2,313,5,110832,7,1,8,11,0,0,1,0,1,0,1,1,73
2,14,1,11,3,2,46,0,0,0,0,0,54,54,6,1202,3,0,314,5,110854,3,2,3,7,1,1,0,0,0,1,0,1,46
17,10,17,11,12,17,33,0,0,0,0,0,56,56,0,2011,3,5,315,21,319,3,2,3,24,1,5,0,1,0,6,2,1,36
7,1,20,4,19,16,100,0,0,0,0,1,56,56,0,22222,8,6,316,21,320,8,6,0,40,3,1,0,0,0,4,1,3,86
5,2,24,1,14,8,80,0,0,0,0,0,56,56,0,22220,0,9,317,21,433,0,5,0,48,1,0,1,2,0,1,4,2,83
11,8,7,12,13,17,20,0,0,0,0,0,56,56,10,111,3,1,318,21,700,3,3,8,19,2,4,0,1,0,6,2,5,23
8,6,19,3,14,11,73,0,0,0,0,0,56,56,0,12212,10,9,319,21,702,10,3,10,42,1,1,0,0,0,2,5,1,63
24,16,9,16,9,20,6,0,0,0,0,0,56,56,8,10,5,2,320,21,703,5,1,5,13,2,7,0,2,0,7,3,1,6
16,11,15,9,10,10,60,0,0,0,0,0,56,56,0,222,3,4,321,21,705,3,4,3,29,1,5,0,0,0,3,3,2,33
14,9,25,2,16,10,53,0,0,0,0,0,56,56,0,12201,10,8,322,21,708,10,5,3,44,0,3,0,1,1,0,5,0,60
11,3,14,8,15,14,26,0,0,0,0,0,56,56,0,120,3,4,323,21,710,3,5,8,32,2,3,0,2,0,4,1,4,50
5,4,29,5,10,16,80,0,0,0,0,0,56,56,0,22202,8,7,324,21,711,8,3,10,34,2,0,1,0,0,7,1,3,63
7,12,9,10,12,14,33,0,0,0,0,0,56,56,0,2011,3,4,325,21,1439,3,4,3,28,1,3,0,1,0,6,1,3,36
10,13,17,7,20,16,60,0,0,0,0,0,56,56,0,20220,3,5,326,21,1596,3,4,5,32,0,3,0,2,0,4,2,3,46
14,14,7,13,6,31,40,0,0,0,0,0,56,56,10,20002,5,4,327,21,111705,5,2,5,19,1,5,0,0,0,9,0,1,30
14,5,19,6,16,13,20,0,0,0,0,0,56,56,0,20000,8,6,328,21,113173,8,4,10,33,2,5,0,2,0,3,3,0,53
26,7,13,14,11,24,26,0,0,0,0,0,56,56,10,20001,5,1,329,21,113458,5,4,5,18,1,6,0,1,0,7,0,3,43
18,15,16,15,10,23,33,0,0,0,0,0,56,56,8,2011,5,2,330,21,113876,5,1,3,14,3,5,0,1,0,8,2,3,30
4,6,5,7,6,4,66,0,0,0,0,0,60,60,6,1222,8,2,331,8,89,8,2,7,14,2,1,0,0,0,1,1,1,58
3,24,7,4,8,5,53,0,0,0,0,0,60,14,6,22110,7,2,332,8,106,7,2,6,15,2,0,1,2,0,1,1,2,62
2,3,3,17,4,6,40,0,0,0,0,0,60,60,6,10112,5,1,333,8,127,5,0,3,7,3,1,0,0,0,2,2,2,29
1,15,5,5,8,5,60,0,0,0,0,0,60,60,6,11122,7,2,334,8,142,7,2,3,15,0,0,1,0,0,1,1,2,62
2,8,9,1,6,3,73,0,0,0,1,0,60,60,6,21212,6,3,335,8,1790,6,3,7,20,0,0,1,0,1,0,1,1,83
3,6,3,12,3,4,46,0,0,0,0,0,60,61,6,1022,3,2,336,8,1800,3,1,3,11,2,2,0,0,0,1,2,0,45
7,17,5,20,4,7,6,0,0,0,0,0,60,60,6,1000,5,1,337,8,1802,5,1,4,7,1,2,0,2,0,3,0,1,29
6,19,5,6,7,4,53,0,0,0,0,0,60,60,6,22110,7,2,338,8,1803,7,2,4,15,0,1,0,2,1,0,2,1,62
6,11,2,21,4,7,20,0,0,0,0,0,60,60,6,20000,4,1,339,8,1804,4,1,7,6,4,3,0,2,0,3,0,0,25
3,2,7,11,3,7,66,0,0,0,0,0,60,61,6,22102,3,3,340,8,1923,3,0,3,11,2,0,1,0,0,3,1,1,45
5,12,7,9,1,0,73,0,0,0,0,0,60,60,6,21122,3,2,341,8,1926,3,1,3,13,2,1,0,0,1,0,3,1,54
8,7,3,24,1,6,13,0,1,0,0,0,60,60,6,10010,4,0,342,8,1929,4,0,8,3,3,2,0,2,0,3,1,2,12
2,22,7,3,8,3,53,0,0,0,0,0,60,14,6,21210,7,2,343,8,1932,7,2,6,15,2,0,1,2,0,1,1,2,62
3,3,2,19,5,8,40,0,0,0,0,0,60,61,6,12101,5,0,344,8,1933,5,1,4,7,1,1,0,1,0,2,1,3,29
5,9,7,2,13,4,66,0,0,0,0,0,60,60,6,22120,6,2,345,8,1938,6,4,8,19,0,1,0,2,1,0,0,1,79
11,5,6,15,6,7,40,0,0,0,0,0,60,60,6,1112,3,0,346,8,1949,3,2,8,10,1,1,0,0,0,1,1,3,41
8,16,6,23,2,9,33,0,0,0,0,0,60,60,6,2101,4,1,347,8,1951,4,0,8,5,3,3,0,1,0,2,2,0,20
8,10,7,18,2,5,20,0,0,0,0,0,60,60,6,2000,5,1,348,8,1954,5,1,8,7,2,3,0,2,0,2,1,0,29
10,20,5,13,8,6,46,0,0,0,0,0,60,60,6,212,3,1,349,8,1955,3,2,4,11,0,3,0,0,1,0,2,0,45
5,13,2,22,4,5,13,0,0,0,0,0,60,60,6,110,4,0,350,8,1962,4,1,7,5,4,3,0,2,0,2,1,1,20
3,23,7,14,3,8,46,0,0,0,0,0,60,14,6,212,3,3,351,8,15015,3,0,7,10,3,1,0,0,0,3,1,0,41
5,1,3,10,7,5,46,0,0,0,0,1,60,61,6,21111,3,0,352,8,110313,3,2,4,11,0,1,0,1,1,0,2,3,45
8,18,4,16,2,3,20,0,0,0,0,0,60,60,6,20,3,0,353,8,112259,3,2,4,8,0,3,0,2,0,1,1,1,33
5,14,5,8,8,1,60,0,0,0,0,0,60,60,6,21211,8,1,354,8,112260,8,2,3,13,1,1,0,1,1,0,2,2,54
9,18,2,21,3,6,6,0,0,0,0,0,61,61,6,10000,5,0,355,8,92,5,1,3,5,2,3,0,2,0,2,1,1,20
0,15,9,17,0,8,33,0,0,0,0,0,61,61,6,10021,5,2,356,7,121,5,0,3,8,2,0,1,1,0,3,1,1,38
6,4,9,2,6,2,60,0,0,0,0,0,61,61,6,20022,6,2,357,8,143,6,3,8,16,0,1,0,0,0,1,0,1,66
4,7,9,1,7,2,80,0,0,0,0,0,61,61,6,22202,6,3,358,8,149,6,3,6,19,1,1,0,0,1,0,1,0,79
2,19,4,5,11,1,86,0,0,0,0,0,61,61,6,21222,7,1,359,7,346,7,3,5,14,0,0,1,0,0,1,0,2,66
5,22,1,22,2,12,20,0,0,0,0,0,61,61,6,20000,5,1,360,8,357,5,0,5,3,1,3,0,2,0,4,0,0,12
3,16,4,13,6,6,33,0,0,0,0,0,61,61,6,10021,3,2,361,8,361,3,1,3,12,1,1,0,1,0,1,2,1,50
3,21,3,12,9,4,46,0,0,1,1,0,61,61,6,11211,3,0,362,8,561,3,2,3,12,1,0,1,1,1,0,2,4,50
5,10,5,11,4,5,60,0,0,0,0,0,61,61,6,22020,3,2,363,8,1480,3,2,8,13,2,1,0,2,0,2,0,1,54
2,23,4,9,3,2,46,0,0,1,1,0,61,60,6,11211,7,2,364,7,1798,8,1,6,13,3,0,1,1,1,0,2,2,61
5,21,6,6,6,1,66,0,0,0,0,0,61,60,6,12202,7,2,365,8,1920,7,2,7,14,1,2,0,0,1,0,2,0,58
2,20,7,16,2,6,26,0,0,0,0,0,61,61,6,12,3,3,366,8,1928,3,0,8,10,2,1,0,0,0,3,1,0,41
7,22,4,20,4,6,26,0,0,0,0,0,61,60,6,2100,5,0,367,8,1930,5,1,6,6,4,2,0,2,0,2,1,2,25
7,9,8,14,5,7,40,0,0,0,0,0,61,61,6,11120,3,2,368,8,1934,3,1,7,12,3,1,0,2,0,1,2,1,50
2,13,12,4,5,3,66,0,0,0,0,0,61,61,6,20212,7,3,369,8,1935,7,1,7,15,1,1,0,0,1,0,3,0,62
5,17,1,18,5,3,53,0,0,0,0,0,61,61,6,12021,5,0,370,8,1936,5,2,3,8,2,3,0,1,0,1,1,1,33
10,5,4,24,6,14,6,0,1,0,0,0,61,61,6,1,5,0,371,8,1937,5,0,6,2,4,2,0,1,0,4,0,2,8
3,8,6,15,3,3,40,0,0,0,0,0,61,61,6,11120,3,2,372,7,1940,3,0,6,10,4,1,0,2,1,0,3,1,47
7,12,4,19,3,8,20,0,0,0,0,0,61,61,6,200,5,1,373,8,1944,5,1,8,7,3,3,0,2,0,2,1,0,29
3,24,9,7,5,7,60,0,0,0,0,0,61,60,6,222,8,3,374,8,1945,7,1,7,13,1,0,1,0,0,3,0,1,54
6,23,3,23,3,10,13,0,1,0,0,0,61,61,6,11000,5,0,375,8,1959,5,0,5,2,2,2,0,2,0,4,0,2,8
1,24,3,8,7,6,60,0,0,0,0,0,61,61,6,12112,8,2,376,8,15048,8,1,8,13,1,0,1,0,0,1,2,2,54
7,14,8,10,3,3,66,0,0,0,0,0,61,61,6,12022,3,2,377,8,110890,3,2,5,13,0,1,0,0,0,2,0,1,54
8,11,5,3,4,5,80,0,0,0,0,0,61,61,6,22220,6,3,378,8,112254,6,2,3,16,0,1,0,2,0,1,1,0,66
19,5,25,6,16,20,80,0,0,0,0,0,65,65,10,2222,3,6,379,31,305,3,5,8,40,2,7,0,0,0,6,4,3,63
11,3,39,3,13,13,80,0,0,0,0,0,65,65,10,20222,10,10,380,31,306,10,5,10,52,1,3,0,0,0,6,4,3,83
6,1,30,2,30,19,46,0,0,0,0,1,65,65,0,22100,10,12,381,31,422,10,9,0,67,2,1,0,2,0,5,2,2,56
17,8,30,5,10,25,66,0,0,0,0,0,65,65,10,2122,3,9,382,31,423,3,4,3,43,1,4,0,0,0,10,2,2,43
21,4,25,7,18,35,20,0,0,0,0,0,65,65,10,2000,3,8,383,30,445,3,4,10,39,3,6,0,2,0,9,1,2,30
24,9,9,8,24,18,60,0,0,0,0,0,65,65,8,22020,5,2,384,31,563,5,8,5,35,1,10,0,2,0,6,2,3,50
15,10,28,4,14,22,40,0,0,0,0,0,65,65,10,202,8,10,385,31,753,8,5,3,50,0,3,0,0,0,8,3,2,46
7,2,40,1,32,8,80,0,0,0,0,0,65,65,0,22202,0,12,386,30,837,0,11,0,73,1,1,0,0,0,2,2,2,90
28,6,15,10,4,53,0,0,0,0,0,0,65,65,5,0,4,4,387,31,838,4,0,8,15,4,9,0,2,0,15,1,2,13
25,7,10,9,12,38,20,0,0,0,0,0,65,65,3,20000,5,3,388,31,111285,5,3,5,24,1,10,0,2,0,9,3,3,20
5,4,3,10,5,6,20,0,0,0,0,0,66,66,0,10011,3,0,389,8,420,3,1,3,8,1,1,0,1,0,1,2,3,33
6,3,9,7,4,4,26,0,0,0,0,0,66,66,0,20010,3,2,390,8,873,3,2,10,13,3,1,0,2,0,2,0,1,54
10,5,6,11,6,3,40,0,0,0,0,0,66,66,0,10211,3,0,391,8,1569,3,1,3,7,1,3,0,1,1,0,2,2,29
8,1,5,6,5,2,66,0,0,0,0,1,66,66,0,22012,3,2,392,8,1871,3,2,5,14,0,2,0,0,1,0,1,1,58
4,6,11,1,6,3,86,0,0,0,0,0,66,66,0,12222,0,3,393,8,1873,0,2,3,17,0,0,1,0,0,1,0,2,70
6,2,8,3,5,1,66,0,0,0,0,0,66,66,0,22012,10,3,394,8,110745,10,2,5,16,0,2,0,0,1,0,1,0,66
7,11,4,15,1,5,26,0,1,0,0,0,66,66,0,11011,4,0,395,8,110746,4,0,5,4,2,2,0,1,0,2,2,2,16
1,9,0,16,4,12,13,0,1,0,0,0,66,66,0,10010,4,0,396,8,110747,4,0,5,3,2,1,0,2,0,4,1,2,12
4,7,8,5,5,5,60,0,0,0,0,0,66,66,0,2202,8,3,397,8,110749,8,2,0,15,3,1,0,0,0,2,0,0,62
5,12,3,12,4,4,33,0,0,0,0,0,66,66,0,12010,3,0,398,8,111082,3,1,3,7,1,1,0,2,0,2,2,2,29
4,8,5,8,5,6,53,0,0,0,0,0,66,66,0,21201,3,2,399,8,111083,3,1,3,12,1,1,0,1,0,1,3,0,50
5,14,7,4,6,4,46,0,0,0,0,0,66,66,0,212,8,3,400,8,111086,8,2,8,16,1,1,0,0,0,1,1,0,66
6,16,8,13,4,10,20,0,0,0,0,0,66,66,0,111,5,1,401,8,111089,5,0,3,6,2,1,0,1,0,3,1,2,25
1,13,5,2,8,7,80,0,0,0,0,0,66,66,0,22220,10,2,402,8,111091,10,3,8,17,0,0,1,2,0,1,1,1,70
3,10,3,14,5,10,13,0,0,0,0,0,66,66,0,1100,5,1,403,8,111092,5,0,10,6,4,2,0,2,0,2,2,1,25
4,15,5,9,6,8,53,0,0,0,0,0,66,66,0,1221,3,2,404,8,112505,3,1,3,11,1,1,0,1,0,2,1,1,45
1,1,11,1,3,5,80,0,0,0,0,1,68,68,0,22202,0,3,405,5,325,0,1,0,12,1,0,1,0,0,1,0,0,80
4,2,4,11,1,2,40,0,0,0,0,0,68,68,0,20002,3,1,406,5,326,3,1,0,6,4,1,0,0,0,2,0,0,40
5,4,6,4,4,2,66,0,0,0,0,0,68,68,0,22012,10,2,407,5,327,10,1,0,10,2,1,0,0,1,0,1,0,66
1,5,7,7,2,5,46,0,0,0,0,0,68,68,0,2120,8,2,408,5,436,8,0,10,7,2,0,1,2,0,2,1,0,46
4,14,5,10,3,8,46,0,0,0,0,0,68,68,0,1220,3,1,409,5,741,3,1,3,7,1,0,1,2,0,2,0,1,46
1,13,1,15,3,4,26,0,1,0,0,0,68,68,0,1111,5,0,410,5,742,5,0,3,4,2,0,1,1,0,1,2,2,26
4,18,1,17,4,5,13,0,1,0,0,0,68,68,0,101,5,0,411,5,749,5,0,5,2,2,2,0,1,0,1,2,0,13
5,17,4,9,3,2,46,0,0,0,0,0,68,68,0,2102,3,1,412,5,101007,3,1,5,7,0,1,0,0,0,1,0,1,46
1,3,9,2,2,2,80,0,0,0,0,0,68,68,0,20222,10,3,413,5,101014,10,1,10,12,1,0,1,0,0,1,0,0,80
0,9,2,6,3,4,53,0,0,0,0,0,68,68,0,21120,8,1,414,5,101020,8,1,3,8,0,0,1,2,0,1,1,1,53
3,6,4,12,0,2,40,0,0,0,0,0,68,68,0,202,3,2,415,5,101026,3,0,8,6,2,1,0,0,0,2,0,0,40
4,15,4,5,4,3,53,0,0,0,0,0,68,68,0,21120,8,1,416,5,101033,8,1,3,8,0,1,0,2,1,0,1,1,53
4,16,3,16,2,3,20,0,1,0,0,0,68,68,0,1101,5,0,417,5,101037,5,0,5,3,2,1,0,1,0,1,1,2,20
5,7,3,14,2,4,33,0,0,0,0,0,68,68,0,20011,5,1,418,5,101041,5,0,3,5,2,1,0,1,0,1,1,1,33
2,8,4,3,7,6,80,0,0,0,0,0,68,68,0,22220,10,2,419,5,111339,10,2,3,12,0,0,1,2,0,1,0,0,80
2,11,2,18,2,6,13,0,1,0,0,0,68,68,0,1010,5,0,420,5,111340,5,0,3,2,3,0,1,2,0,3,0,2,13
2,12,2,13,0,7,40,0,0,0,0,0,68,68,0,22,3,2,421,5,113142,3,0,3,6,1,1,0,0,0,2,0,0,40
1,10,1,8,4,3,46,0,0,0,0,0,68,68,0,22100,3,1,422,5,113259,3,1,3,7,1,1,0,2,0,1,1,0,46
0,1,0,1,0,0,0,0,0,0,0,0,76,76,0,0,0,0,423,0,211,0,0,0,0,0,0,0,0,0,0,0,0,0
0,1,0,1,0,0,0,0,0,0,0,0,76,76,0,0,0,0,424,0,266,0,0,0,0,0,0,0,0,0,0,0,0,0
0,1,0,1,0,0,0,0,0,0,0,0,76,76,0,0,0,0,425,0,267,0,0,0,0,0,0,0,0,0,0,0,0,0
0,1,0,1,0,0,0,0,0,0,0,0,76,76,0,0,0,0,426,0,278,0,0,0,0,0,0,0,0,0,0,0,0,0
0,1,0,1,0,0,0,0,0,0,0,0,76,76,0,0,0,0,427,0,280,0,0,0,0,0,0,0,0,0,0,0,0,0
0,1,0,1,0,0,0,0,0,0,0,0,76,76,0,0,0,0,428,0,315,0,0,0,0,0,0,0,0,0,0,0,0,0
0,1,0,1,0,0,0,0,0,0,0,0,76,76,0,0,0,0,429,0,393,0,0,0,0,0,0,0,0,0,0,0,0,0
0,1,0,1,0,0,0,0,0,0,0,0,76,76,0,0,0,0,430,0,1884,0,0,0,0,0,0,0,0,0,0,0,0,0
0,1,0,1,0,0,0,0,0,0,0,0,76,76,0,0,0,0,431,0,100325,0,0,0,0,0,0,0,0,0,0,0,0,0
0,1,0,1,0,0,0,0,0,0,0,0,76,76,0,0,0,0,432,0,100765,0,0,0,0,0,0,0,0,0,0,0,0,0
0,1,0,1,0,0,0,0,0,0,0,0,76,76,0,0,0,0,433,0,100767,0,0,0,0,0,0,0,0,0,0,0,0,0
0,1,0,1,0,0,0,0,0,0,0,0,76,76,0,0,0,0,434,0,101047,0,0,0,0,0,0,0,0,0,0,0,0,0
0,1,0,1,0,0,0,0,0,0,0,0,76,76,0,0,0,0,435,0,101059,0,0,0,0,0,0,0,0,0,0,0,0,0
0,1,0,1,0,0,0,0,0,0,0,0,76,76,0,0,0,0,436,0,110468,0,0,0,0,0,0,0,0,0,0,0,0,0
0,1,0,1,0,0,0,0,0,0,0,0,76,76,0,0,0,0,437,0,110929,0,0,0,0,0,0,0,0,0,0,0,0,0
0,1,0,1,0,0,0,0,0,0,0,0,76,76,0,0,0,0,438,0,110930,0,0,0,0,0,0,0,0,0,0,0,0,0
0,1,0,1,0,0,0,0,0,0,0,0,76,76,0,0,0,0,439,0,111596,0,0,0,0,0,0,0,0,0,0,0,0,0
0,2,0,1,0,0,0,0,0,0,0,0,76,76,0,0,0,0,440,0,112190,0,0,0,0,0,0,0,0,0,0,0,0,0
0,2,0,6,0,0,0,0,0,0,0,0,78,78,0,0,0,0,441,0,1318,0,0,0,1612,0,0,0,0,0,0,0,0,0
0,2,0,24,0,0,0,0,0,0,0,0,78,78,0,0,0,0,442,0,1322,0,0,0,1499,0,0,0,0,0,0,0,0,0
0,2,0,1,0,0,0,0,0,0,0,0,78,78,0,0,0,0,443,0,1325,0,0,0,1729,0,0,0,0,0,0,0,0,0
0,2,0,44,0,0,0,0,0,0,0,0,78,78,0,0,0,0,444,0,1327,0,0,0,1430,0,0,0,0,0,0,0,0,0
0,2,0,47,0,0,0,0,0,0,0,0,78,78,0,0,0,0,445,0,1330,0,0,0,1418,0,0,0,0,0,0,0,0,0
0,2,0,10,0,0,0,0,0,0,0,0,78,78,0,0,0,0,446,0,1331,0,0,0,1581,0,0,0,0,0,0,0,0,0
0,2,0,58,0,0,0,0,0,0,0,0,78,78,0,0,0,0,447,0,1334,0,0,0,1378,0,0,0,0,0,0,0,0,0
0,2,0,2,0,0,0,0,0,0,0,0,78,78,0,0,0,0,448,0,1335,0,0,0,1729,0,0,0,0,0,0,0,0,0
0,2,0,12,0,0,0,0,0,0,0,0,78,78,0,0,0,0,449,0,1337,0,0,0,1568,0,0,0,0,0,0,0,0,0
0,2,0,42,0,0,0,0,0,0,0,0,78,78,0,0,0,0,450,0,1338,0,0,0,1433,0,0,0,0,0,0,0,0,0
0,2,0,36,0,0,0,0,0,0,0,0,78,78,0,0,0,0,451,0,1341,0,0,0,1461,0,0,0,0,0,0,0,0,0
0,2,0,20,0,0,0,0,0,0,0,0,78,78,0,0,0,0,452,0,1343,0,0,0,1526,0,0,0,0,0,0,0,0,0
0,2,0,52,0,0,0,0,0,0,0,0,78,78,0,0,0,0,453,0,1352,0,0,0,1405,0,0,0,0,0,0,0,0,0
0,2,0,18,0,0,0,0,0,0,0,0,78,78,0,0,0,0,454,0,1353,0,0,0,1537,0,0,0,0,0,0,0,0,0
0,2,0,7,0,0,0,0,0,0,0,0,78,78,0,0,0,0,455,0,1354,0,0,0,1606,0,0,0,0,0,0,0,0,0
0,2,0,30,0,0,0,0,0,0,0,0,78,78,0,0,0,0,456,0,1355,0,0,0,1478,0,0,0,0,0,0,0,0,0
0,2,0,27,0,0,0,0,0,0,0,0,78,78,0,0,0,0,457,0,1356,0,0,0,1489,0,0,0,0,0,0,0,0,0
0,2,0,46,0,0,0,0,0,0,0,0,78,78,0,0,0,0,458,0,1357,0,0,0,1423,0,0,0,0,0,0,0,0,0
0,2,0,39,0,0,0,0,0,0,0,0,78,78,0,0,0,0,459,0,1359,0,0,0,1448,0,0,0,0,0,0,0,0,0
0,2,0,61,0,0,0,0,0,0,0,0,78,78,0,0,0,0,460,0,1361,0,0,0,1376,0,0,0,0,0,0,0,0,0
0,2,0,9,0,0,0,0,0,0,0,0,78,78,0,0,0,0,461,0,1362,0,0,0,1597,0,0,0,0,0,0,0,0,0
0,2,0,15,0,0,0,0,0,0,0,0,78,78,0,0,0,0,462,0,1363,0,0,0,1550,0,0,0,0,0,0,0,0,0
0,2,0,8,0,0,0,0,0,0,0,0,78,78,0,0,0,0,463,0,1364,0,0,0,1598,0,0,0,0,0,0,0,0,0
0,2,0,38,0,0,0,0,0,0,0,0,78,78,0,0,0,0,464,0,1365,0,0,0,1456,0,0,0,0,0,0,0,0,0
0,2,0,19,0,0,0,0,0,0,0,0,78,78,0,0,0,0,465,0,1367,0,0,0,1536,0,0,0,0,0,0,0,0,0
0,2,0,11,0,0,0,0,0,0,0,0,78,78,0,0,0,0,466,0,1369,0,0,0,1575,0,0,0,0,0,0,0,0,0
0,2,0,3,0,0,0,0,0,0,0,0,78,78,0,0,0,0,467,0,1370,0,0,0,1663,0,0,0,0,0,0,0,0,0
0,2,0,31,0,0,0,0,0,0,0,0,78,78,0,0,0,0,468,0,1375,0,0,0,1477,0,0,0,0,0,0,0,0,0
0,2,0,5,0,0,0,0,0,0,0,0,78,78,0,0,0,0,469,0,1377,0,0,0,1632,0,0,0,0,0,0,0,0,0
0,2,0,15,0,0,0,0,0,0,0,0,78,78,0,0,0,0,470,0,1386,0,0,0,1550,0,0,0,0,0,0,0,0,0
0,2,0,22,0,0,0,0,0,0,0,0,78,78,0,0,0,0,471,0,1387,0,0,0,1510,0,0,0,0,0,0,0,0,0
0,2,0,50,0,0,0,0,0,0,0,0,78,78,0,0,0,0,472,0,1395,0,0,0,1408,0,0,0,0,0,0,0,0,0
0,2,0,43,0,0,0,0,0,0,0,0,78,78,0,0,0,0,473,0,1415,0,0,0,1431,0,0,0,0,0,0,0,0,0
0,2,0,49,0,0,0,0,0,0,0,0,78,78,0,0,0,0,474,0,1886,0,0,0,1409,0,0,0,0,0,0,0,0,0
0,2,0,17,0,0,0,0,0,0,0,0,78,78,0,0,0,0,475,0,105035,0,0,0,1540,0,0,0,0,0,0,0,0,0
0,2,0,28,0,0,0,0,0,0,0,0,78,78,0,0,0,0,476,0,110081,0,0,0,1487,0,0,0,0,0,0,0,0,0
0,2,0,73,0,0,0,0,0,0,0,0,78,78,0,0,0,0,477,0,111099,0,0,0,1325,0,0,0,0,0,0,0,0,0
0,2,0,21,0,0,0,0,0,0,0,0,78,78,0,0,0,0,478,0,111108,0,0,0,1525,0,0,0,0,0,0,0,0,0
0,2,0,14,0,0,0,0,0,0,0,0,78,78,0,0,0,0,479,0,111109,0,0,0,1567,0,0,0,0,0,0,0,0,0
0,2,0,66,0,0,0,0,0,0,0,0,78,78,0,0,0,0,480,0,111112,0,0,0,1351,0,0,0,0,0,0,0,0,0
0,2,0,64,0,0,0,0,0,0,0,0,78,78,0,0,0,0,481,0,111130,0,0,0,1364,0,0,0,0,0,0,0,0,0
0,2,0,58,0,0,0,0,0,0,0,0,78,78,0,0,0,0,482,0,111451,0,0,0,1378,0,0,0,0,0,0,0,0,0
0,2,0,79,0,0,0,0,0,0,0,0,78,78,0,0,0,0,483,0,111455,0,0,0,1307,0,0,0,0,0,0,0,0,0
0,2,0,12,0,0,0,0,0,0,0,0,78,78,0,0,0,0,484,0,111459,0,0,0,1568,0,0,0,0,0,0,0,0,0
0,2,0,58,0,0,0,0,0,0,0,0,78,78,0,0,0,0,485,0,111465,0,0,0,1378,0,0,0,0,0,0,0,0,0
0,2,0,97,0,0,0,0,0,0,0,0,78,78,0,0,0,0,486,0,111466,0,0,0,1244,0,0,0,0,0,0,0,0,0
0,2,0,119,0,0,0,0,0,0,0,0,78,78,0,0,0,0,487,0,111473,0,0,0,1157,0,0,0,0,0,0,0,0,0
0,2,0,32,0,0,0,0,0,0,0,0,78,78,0,0,0,0,488,0,111487,0,0,0,1476,0,0,0,0,0,0,0,0,0
2,1,10,1,8,3,100,0,0,1,1,1,80,80,0,22222,0,4,489,7,191,0,3,0,21,1,0,1,0,1,0,0,0,100
4,2,5,5,7,7,40,0,0,0,0,0,80,80,0,1112,8,1,490,7,209,8,2,10,12,2,0,1,0,0,1,1,2,57
1,4,4,2,6,4,100,0,0,0,0,0,80,80,0,22222,10,2,491,7,252,10,3,10,16,1,0,1,0,0,1,0,1,76
3,3,3,7,5,3,33,0,0,0,0,0,80,80,0,10210,3,1,492,7,254,3,1,10,9,3,1,0,2,0,1,1,2,42
2,7,8,4,1,3,66,0,0,0,0,0,80,80,0,2122,10,3,493,7,256,10,1,3,13,0,0,1,0,0,2,1,0,61
11,6,1,11,6,8,6,0,0,0,0,0,80,80,0,100,5,0,494,7,1785,5,1,3,4,2,3,0,2,0,2,1,0,19
5,12,6,8,3,7,40,0,0,0,0,0,80,80,0,20002,3,2,495,7,2017,3,0,5,6,0,2,0,0,0,3,0,0,28
6,11,4,9,5,8,40,0,0,0,0,0,80,80,0,20020,3,1,496,7,2045,3,1,5,6,0,2,0,2,0,3,0,0,28
10,8,6,12,3,4,6,0,1,0,0,0,80,80,0,1000,4,0,497,7,15009,4,0,3,2,3,4,0,2,0,1,2,0,9
7,5,2,10,2,7,6,0,0,0,0,0,80,80,0,100,5,0,498,7,111821,5,1,8,4,3,3,0,2,0,2,0,1,19
2,9,5,6,9,6,53,0,0,0,0,0,80,80,0,12102,3,2,499,7,111822,3,1,3,11,1,0,1,0,0,2,1,1,52
6,10,7,3,4,1,66,0,0,0,0,0,80,80,0,22120,10,2,500,7,112075,10,2,5,14,0,1,0,2,1,0,1,1,66
19,5,17,8,14,16,6,0,0,0,0,0,83,83,9,10,3,5,501,28,982,3,3,0,33,4,6,0,2,0,5,6,3,33
15,3,20,4,22,23,33,0,0,0,0,0,83,83,0,2011,8,6,502,28,983,8,5,0,41,3,4,0,1,0,5,5,3,33
12,4,23,3,21,19,80,0,0,0,0,0,83,83,0,22202,9,9,503,28,1473,9,4,9,48,1,3,0,0,0,3,7,2,76
19,7,18,5,16,17,26,0,0,0,0,0,83,83,0,2010,8,5,504,28,1474,8,5,3,37,0,5,0,2,0,6,3,4,46
32,10,23,11,13,23,66,0,0,0,0,0,83,83,9,20221,5,4,505,28,1475,5,2,3,26,3,8,0,1,0,6,5,3,33
11,1,25,1,34,11,86,0,0,0,0,1,83,83,0,22122,0,10,506,28,1477,0,11,0,66,1,2,0,0,0,2,2,1,73
15,2,12,7,18,20,26,0,0,0,0,0,83,83,9,11110,3,2,507,28,1478,3,6,9,34,3,5,0,2,0,5,3,7,20
19,11,17,9,14,17,33,0,0,0,0,0,83,83,9,10102,5,3,508,28,2055,5,5,5,32,1,6,0,0,0,6,3,5,33
25,8,16,10,15,20,60,0,0,0,0,0,83,83,9,222,5,4,509,28,2056,5,5,3,32,2,8,0,0,0,6,3,2,60
23,9,23,12,16,33,53,0,0,0,0,0,83,83,9,2121,5,4,510,28,110765,5,1,3,25,3,5,0,1,0,8,4,6,50
16,12,21,2,25,16,46,0,0,0,0,0,83,83,0,22001,9,6,511,28,111588,9,8,5,50,0,3,0,1,0,3,3,5,60
22,6,25,6,20,25,26,0,0,0,0,0,83,83,9,20010,3,4,512,28,112115,3,5,3,34,1,5,0,2,0,7,2,5,33
0,2,0,2,0,0,0,0,0,0,0,0,111,111,0,0,0,0,513,0,111,0,0,0,0,0,0,0,0,0,0,0,0,0
0,2,0,2,0,0,0,0,0,0,0,0,111,111,0,0,0,0,514,0,112,0,0,0,0,0,0,0,0,0,0,0,0,0
3,9,2,9,5,10,26,0,0,0,0,0,189,189,0,120,5,1,515,6,322,5,0,5,4,1,1,0,2,0,3,1,0,22
9,10,4,10,4,8,6,0,0,0,0,0,189,189,0,10000,4,0,516,6,435,4,1,0,4,4,2,0,2,0,2,0,1,22
2,4,3,7,2,5,33,0,0,0,0,0,189,189,0,20110,3,1,517,6,894,3,1,8,8,2,0,1,2,0,2,0,2,44
7,2,9,3,2,2,60,0,0,0,0,0,189,189,0,12211,10,2,518,6,896,10,0,3,9,0,1,0,1,1,0,2,1,50
8,3,8,4,2,2,60,0,0,0,0,0,189,189,0,2022,10,2,519,6,897,10,1,5,9,0,2,0,0,0,1,0,0,50
7,5,5,2,5,3,46,0,0,0,0,0,189,189,0,2102,10,1,520,6,898,10,2,10,10,1,2,0,0,1,0,1,0,55
2,1,11,1,8,2,100,0,0,1,1,1,189,189,0,22222,0,3,521,6,900,0,3,10,18,0,0,1,0,1,0,0,0,100
2,7,3,5,9,7,53,0,0,0,0,0,189,189,0,20211,8,1,522,6,1715,8,1,5,8,0,0,1,1,0,2,1,1,44
4,8,3,6,5,6,33,0,0,0,0,0,189,189,0,112,3,1,523,6,10032,3,1,10,8,3,1,0,0,0,1,1,1,44
5,6,4,8,7,7,40,0,0,0,0,0,189,189,0,22000,5,1,524,6,110770,5,1,3,6,2,2,0,2,0,2,0,0,33
3,2,4,1,6,0,83,0,0,0,1,0,308,308,0,2212,0,1,525,4,234,0,2,0,10,1,0,1,0,1,0,0,1,83
3,1,10,4,3,2,75,0,0,0,0,1,308,308,0,2202,10,2,526,4,236,10,1,0,9,2,1,0,0,1,0,0,0,75
1,3,3,3,4,2,83,0,0,1,1,0,308,308,0,2212,10,2,527,4,237,10,1,0,10,2,0,1,0,1,0,1,0,83
1,6,2,14,1,7,25,0,0,0,0,0,308,308,0,200,3,1,528,4,518,3,0,8,3,2,1,0,2,0,2,0,0,25
2,14,3,11,1,2,33,0,0,0,0,0,308,308,0,2001,3,1,529,4,665,3,0,3,4,1,1,0,1,0,1,1,0,33
3,13,2,17,1,5,8,0,1,0,0,0,308,308,0,100,4,0,530,4,666,4,0,5,1,2,1,0,2,0,2,0,1,8
2,5,5,7,1,3,58,0,0,0,0,0,308,308,0,212,8,2,531,4,744,8,0,8,7,1,0,1,0,0,1,1,0,58
5,18,7,9,2,3,41,0,0,0,0,0,308,308,0,112,3,1,532,4,1438,3,0,5,5,0,0,1,0,0,1,1,1,41
1,9,1,8,5,5,50,0,0,0,0,0,308,308,0,22,8,1,533,4,1887,8,1,10,6,2,1,0,0,0,1,0,0,50
3,12,2,10,2,1,41,0,0,0,0,0,308,308,0,2011,3,0,534,4,1889,3,1,5,5,0,1,0,1,1,0,1,1,41
6,17,1,15,4,5,25,0,0,0,0,0,308,308,0,20,5,0,535,4,1891,5,1,5,3,1,2,0,2,0,1,0,0,25
1,7,3,5,2,3,75,0,0,0,0,0,308,308,0,2022,8,2,536,4,1893,8,1,8,9,1,0,1,0,0,1,0,0,75
3,4,7,2,4,3,83,0,0,1,1,0,308,308,0,2122,10,2,537,4,1896,10,1,10,10,1,0,1,0,1,0,1,0,83
2,8,0,12,5,5,33,0,0,0,0,0,308,308,0,2010,3,0,538,4,1898,3,1,3,4,1,1,0,2,0,1,1,0,33
4,15,2,13,2,4,33,0,0,0,0,0,308,308,0,210,3,0,539,4,1900,3,1,3,4,1,1,0,2,0,1,0,1,33
1,16,3,6,1,1,58,0,0,0,0,0,308,308,0,2210,8,1,540,4,10019,8,1,5,7,0,0,1,2,0,1,0,1,58
4,10,2,18,1,4,8,0,1,0,0,0,308,308,0,10,4,0,541,4,10031,4,0,3,1,3,1,0,2,0,2,0,1,8
2,11,1,16,2,3,16,0,1,0,0,0,308,308,0,110,5,0,542,4,112516,5,0,3,2,2,1,0,2,0,1,1,1,16
15,3,17,5,15,16,60,0,0,0,0,0,335,335,0,2202,8,5,543,22,15029,8,7,0,38,3,5,0,0,0,3,1,1,46
14,5,16,11,10,15,53,0,0,0,0,0,335,335,0,20211,3,3,544,22,101097,3,2,8,23,2,3,0,1,0,6,3,5,53
9,11,19,1,12,8,60,0,0,0,0,0,335,335,0,21211,0,8,545,22,110975,0,4,3,45,0,0,1,1,0,1,6,3,46
18,2,20,7,14,15,40,0,0,0,0,0,335,335,0,10211,3,4,546,22,110977,3,3,8,30,2,3,0,1,0,3,5,4,36
9,1,18,6,14,18,40,0,0,0,0,1,335,335,0,2020,3,8,547,22,110980,3,3,0,36,4,1,0,2,0,7,1,2,43
6,12,14,8,11,16,53,0,0,0,0,0,335,335,0,2112,3,5,548,22,111327,3,1,3,27,1,1,0,0,0,6,3,6,36
16,15,15,12,14,19,13,0,0,0,0,0,335,335,0,11000,3,3,549,22,111328,3,2,5,22,0,4,0,2,0,6,3,4,33
15,14,16,9,12,19,6,0,0,0,0,0,335,335,0,10,3,4,550,22,112116,3,4,3,27,1,5,0,2,0,6,1,2,33
15,16,13,10,13,11,53,0,0,0,0,0,335,335,0,11202,3,3,551,22,112531,3,2,5,24,0,5,0,0,0,3,6,3,40
11,7,20,4,15,12,66,0,0,0,0,0,335,335,0,22012,8,8,552,22,112533,8,3,3,40,0,2,0,0,0,2,6,1,60
8,10,14,2,18,16,46,0,0,0,0,0,335,335,0,20102,9,7,553,22,112534,9,6,3,43,0,1,0,0,0,4,1,3,56
12,13,19,3,18,10,53,0,0,0,0,0,335,335,0,11220,9,5,554,22,112535,9,8,5,42,0,3,0,2,0,3,0,3,66
16,4,14,15,9,18,53,0,0,0,0,0,335,335,9,2112,5,3,555,22,112584,5,1,8,18,3,5,0,0,0,7,2,4,36
13,8,16,14,8,17,26,0,0,0,0,0,335,335,0,1020,5,4,556,22,112655,5,0,3,21,2,2,0,2,0,7,5,4,36
11,9,7,16,8,22,46,0,0,0,0,0,335,335,9,20021,5,3,557,22,112668,5,1,3,18,2,5,0,1,0,7,3,3,26
14,6,11,13,11,17,40,0,0,0,0,0,335,335,0,21110,5,3,558,22,112709,5,1,3,22,2,3,0,2,0,5,6,4,50
6,17,6,9,5,5,66,0,0,0,0,0,336,336,16,1222,11,3,559,10,101099,11,1,5,15,0,2,0,0,0,1,2,1,50
9,1,10,4,7,1,66,0,0,0,0,0,336,336,16,21022,14,2,560,10,101100,14,3,16,18,3,2,0,0,1,0,1,2,60
1,5,10,6,3,5,46,0,0,0,0,0,336,336,16,20210,13,4,561,10,101101,13,1,13,17,1,0,1,2,0,3,2,0,56
2,6,8,8,3,7,46,0,0,0,0,0,336,336,16,2021,13,4,562,10,101102,13,0,13,16,1,0,1,1,0,2,4,0,53
3,2,6,12,5,9,20,0,0,0,0,0,336,336,16,1110,11,2,563,10,101103,11,1,14,13,3,0,1,2,0,3,2,2,43
4,12,10,7,2,1,73,0,0,0,0,0,336,336,16,11222,13,3,564,10,101104,13,1,11,17,0,1,0,0,1,0,4,1,56
5,9,4,10,9,5,53,0,0,0,0,0,336,336,16,21012,11,0,565,10,101105,11,3,11,14,1,1,0,0,0,1,1,4,46
4,8,12,1,5,4,66,0,0,0,0,0,336,336,16,21202,16,5,566,10,101106,16,2,13,23,0,0,1,0,0,1,2,0,76
2,3,9,2,10,8,80,0,0,0,0,1,336,336,16,22202,15,4,567,10,111722,15,3,15,22,1,0,1,0,0,2,0,1,73
5,18,3,19,2,9,13,0,0,0,0,0,336,336,16,1100,5,1,568,10,111723,5,0,5,6,1,2,0,2,0,4,1,2,20
4,19,5,14,5,11,40,0,0,0,0,0,336,336,16,220,11,2,569,10,112019,11,1,5,11,0,1,0,2,0,4,1,1,36
3,11,5,3,6,3,46,0,0,0,0,0,336,336,16,22100,14,3,570,10,112523,14,4,11,22,0,1,0,2,0,1,0,1,73
7,10,4,18,5,11,26,0,0,0,0,0,336,336,16,10020,5,1,571,10,112526,5,0,11,6,2,3,0,2,0,3,2,1,20
3,7,6,15,4,7,46,0,0,0,0,0,336,336,16,20102,5,2,572,10,112527,5,0,13,10,3,1,0,0,0,3,1,3,33
8,4,5,20,0,8,0,0,1,0,0,0,336,336,16,0,5,0,573,10,112528,5,0,14,2,4,3,0,2,0,5,0,2,6
1,13,5,5,6,6,66,0,0,0,0,0,336,336,16,21022,13,3,574,10,112578,13,2,11,18,0,0,1,0,0,2,2,1,60
12,15,13,13,3,8,26,0,0,0,0,0,336,336,16,1200,11,3,575,10,112579,11,1,5,13,0,2,0,2,0,3,0,1,43
4,14,5,16,3,10,26,0,0,0,0,0,336,336,16,1020,5,2,576,10,112903,5,0,5,9,1,2,0,2,0,3,1,2,30
5,20,2,17,5,8,40,0,0,0,0,0,336,336,16,12011,5,0,577,10,112970,5,1,5,6,1,3,0,1,0,3,1,2,20
8,16,4,11,8,6,66,0,0,0,0,0,336,336,16,12202,11,1,578,10,112992,11,3,5,14,0,3,0,0,0,1,1,1,46
7,8,7,12,6,8,33,0,0,0,0,0,341,341,16,21100,11,2,579,9,1028,11,1,11,12,1,1,0,2,0,2,2,1,44
7,3,7,6,6,6,46,0,0,0,0,0,341,341,16,22100,13,2,580,9,1032,13,3,16,16,4,1,0,2,0,2,0,1,59
1,12,12,1,3,4,66,0,0,0,0,0,341,341,16,22120,16,5,581,9,1878,16,1,15,20,0,0,1,2,0,1,2,0,74
3,2,10,3,7,6,53,0,0,0,0,0,341,341,16,10122,14,3,582,9,1879,14,2,16,17,3,0,1,0,0,2,1,1,62
6,17,3,9,10,6,80,0,0,0,0,0,341,341,16,22202,11,1,583,9,1880,11,3,16,13,4,3,0,0,0,1,1,0,48
6,7,9,2,9,4,46,0,0,0,0,0,341,341,16,122,15,2,584,9,1881,15,3,11,17,0,1,0,0,0,1,1,1,62
5,1,10,5,6,6,60,0,0,0,0,0,341,341,16,20022,13,3,585,9,1882,13,2,15,16,3,1,0,0,0,2,0,1,59
3,5,11,7,3,6,53,0,0,0,0,0,341,341,16,2121,13,4,586,9,1970,13,0,16,14,4,1,0,1,0,2,2,0,51
6,15,0,18,1,8,0,0,1,0,0,0,341,341,16,0,5,0,587,9,101114,5,0,13,2,3,4,0,2,0,3,1,1,7
4,11,8,14,4,9,33,0,0,0,0,0,341,341,16,10102,11,3,588,9,101121,11,0,11,11,1,0,1,0,0,4,0,2,40
3,4,11,4,6,8,53,0,0,0,0,1,341,341,16,21102,14,4,589,9,110144,14,1,14,17,1,0,1,0,0,2,1,1,62
9,16,5,16,3,11,20,0,0,0,0,0,341,341,16,200,5,1,590,9,110145,5,1,5,7,1,3,0,2,0,3,0,1,25
5,9,7,11,4,3,73,0,0,0,0,0,341,341,16,21221,11,2,591,9,110147,11,1,11,12,1,2,0,1,0,1,2,1,44
2,14,4,8,6,7,66,0,0,0,0,0,341,341,16,12220,13,2,592,9,110150,13,2,5,14,0,1,0,2,0,2,1,1,51
4,10,7,10,3,9,66,0,0,0,0,0,341,341,16,12022,11,3,593,9,110152,11,1,5,13,0,1,0,0,0,3,1,0,48
4,13,7,15,3,10,40,0,0,0,0,0,341,341,16,2200,5,2,594,9,110781,5,1,13,10,3,2,0,2,0,3,1,0,37
4,18,3,17,3,12,0,0,0,0,0,0,341,341,16,0,5,1,595,9,111035,5,0,5,4,1,2,0,2,0,5,0,1,14
5,6,7,13,1,5,46,0,0,0,0,0,341,341,16,1022,11,2,596,9,111678,11,1,11,12,1,0,1,0,0,3,0,3,44
21,6,17,11,11,14,33,0,0,0,0,0,349,349,0,2101,3,5,597,26,101144,3,3,8,33,2,4,0,1,0,5,5,4,36
18,4,16,16,16,23,40,0,0,0,0,0,349,349,9,20200,5,4,598,26,101145,5,5,9,29,4,8,0,2,0,7,1,1,30
18,9,19,8,14,13,26,0,0,0,0,0,349,349,0,12000,8,5,599,26,101146,8,5,3,36,0,6,0,2,0,4,4,2,36
11,2,20,7,15,23,66,0,0,0,0,0,349,349,0,22102,8,8,600,26,101147,8,3,0,39,3,3,0,0,0,6,3,3,56
15,3,20,6,13,14,66,0,0,0,0,0,349,349,0,22021,9,6,601,26,101148,9,4,9,40,1,2,0,1,0,4,5,5,43
14,14,16,10,21,24,46,0,0,0,0,0,349,349,0,10202,3,4,602,26,101149,3,6,5,34,1,5,0,0,0,7,1,3,43
12,13,19,3,14,12,13,0,0,0,0,0,349,349,0,110,9,7,603,26,101150,9,5,8,42,0,3,0,2,0,5,3,3,36
26,5,24,14,19,19,40,0,0,0,0,0,349,349,9,2020,5,3,604,26,101151,5,5,3,29,2,7,0,2,0,6,2,3,30
8,7,14,9,19,19,46,0,0,0,0,0,349,349,0,21002,8,5,605,26,111575,8,4,8,35,1,4,0,0,0,5,5,3,50
9,1,22,2,17,10,66,0,0,0,0,1,349,349,0,12202,9,7,606,25,111730,9,8,9,49,1,4,0,0,0,2,2,2,73
20,18,24,12,18,25,80,0,0,0,0,0,349,349,0,22220,3,5,607,25,112092,3,4,5,31,1,5,0,2,0,7,1,3,73
11,10,18,17,9,27,46,0,0,0,0,0,349,349,9,10022,5,6,608,26,112093,5,1,3,27,3,3,0,0,0,10,2,4,40
13,11,20,5,15,23,66,0,0,0,0,0,349,349,0,12220,9,7,609,25,112444,9,4,3,41,0,3,0,2,0,3,6,2,50
21,17,16,18,15,27,20,0,0,0,0,0,349,349,9,2,5,3,610,26,112448,5,4,5,24,3,7,0,0,0,9,1,2,23
24,12,20,4,16,13,80,0,0,0,0,0,349,349,0,22022,9,6,611,26,112836,9,6,3,41,0,4,0,0,0,5,1,4,63
12,15,22,1,19,8,46,0,0,0,0,0,349,349,0,10220,0,8,612,26,113157,0,9,3,55,0,3,0,2,0,2,2,2,50
12,8,15,15,6,15,53,0,0,0,0,0,349,349,9,10212,5,6,613,26,113160,5,1,3,29,2,5,0,0,0,6,5,3,50
13,16,9,13,21,22,26,0,0,0,0,0,349,349,0,120,5,4,614,25,113161,5,4,5,30,2,5,0,2,0,6,3,3,40
0,1,1,2,3,1,100,0,0,1,1,1,350,350,0,22,9,1,615,2,605,9,1,3,6,0,0,1,0,1,0,0,0,100
3,9,0,16,0,1,0,0,1,0,0,0,350,350,0,0,4,0,616,2,607,4,0,3,0,3,1,0,2,0,1,0,0,0
0,10,1,3,3,1,100,0,0,1,1,0,350,350,0,22,9,1,617,2,111674,9,1,5,6,0,0,1,0,1,0,0,0,100
3,4,4,6,0,0,66,0,0,1,1,0,350,350,0,12,8,1,618,2,112096,8,0,9,4,2,0,1,0,1,0,0,1,66
1,3,2,1,5,1,100,0,0,1,1,0,350,350,0,222,0,1,619,3,112139,0,2,5,9,0,0,1,0,1,0,0,0,100
1,2,1,5,2,0,66,0,0,1,1,0,350,350,0,12,8,0,620,2,112387,8,1,0,4,3,0,1,0,1,0,0,1,66
2,6,2,12,1,2,16,0,1,0,0,0,350,350,0,10,5,0,621,2,112389,5,0,8,1,3,0,1,2,0,1,0,1,16
0,5,0,9,0,0,33,0,1,1,1,0,350,350,0,11,3,0,622,2,112390,3,0,8,2,2,0,1,1,1,0,1,1,33
3,12,0,4,3,0,44,0,0,0,0,0,350,350,0,120,8,0,623,3,112391,8,1,5,4,0,1,0,2,1,0,0,1,44
3,13,1,13,1,1,16,0,1,0,0,0,350,350,0,10,5,0,624,2,112392,5,0,5,1,1,1,0,2,1,0,1,0,16
0,7,0,7,2,2,33,0,1,1,1,0,350,350,0,11,3,0,625,2,112393,3,0,5,2,0,0,1,1,1,0,2,0,33
0,15,0,10,0,0,33,0,1,1,1,0,350,350,0,11,3,0,626,2,112408,3,0,5,2,0,0,1,1,1,0,1,1,33
0,11,0,11,4,5,16,0,1,0,0,0,350,350,0,10,3,0,627,2,112990,3,0,9,1,3,0,1,2,0,1,1,0,16
3,8,1,14,0,1,0,0,1,0,0,0,350,350,0,0,4,0,628,2,113057,4,0,3,0,3,1,0,2,0,1,0,0,0
4,14,1,15,0,0,0,0,1,0,0,0,350,350,0,0,4,0,629,2,113219,4,0,5,0,2,2,0,2,1,0,0,0,0
1,16,1,8,0,0,33,0,1,1,1,0,350,350,0,11,3,0,630,2,113222,3,0,3,2,1,0,1,1,1,0,1,1,33
0,5,0,1,0,0,0,0,0,0,0,0,351,351,0,0,0,0,631,0,111393,16,0,14,0,0,0,0,0,0,0,0,0,0
0,6,0,2,0,0,0,0,0,0,0,0,351,351,0,0,0,0,632,0,111395,15,0,13,0,0,0,0,0,0,0,0,0,0
0,10,0,3,0,0,0,0,0,0,0,0,351,351,0,0,0,0,633,0,111396,14,0,11,0,0,0,0,0,0,0,0,0,0
0,4,0,5,0,0,0,0,0,0,0,1,351,351,0,0,0,0,634,0,111397,13,0,16,0,0,0,0,0,0,0,0,0,0
0,2,0,6,0,0,0,0,0,0,0,0,351,351,0,0,0,0,635,0,111398,13,0,15,0,0,0,0,0,0,0,0,0,0
0,8,0,7,0,0,0,0,0,0,0,0,351,351,0,0,0,0,636,0,111399,11,0,13,0,0,0,0,0,0,0,0,0,0
0,1,0,8,0,0,0,0,0,0,0,0,351,351,0,0,0,0,637,0,111400,11,0,16,0,0,0,0,0,0,0,0,0,0
0,9,0,9,0,0,0,0,0,0,0,0,351,351,0,0,0,0,638,0,111766,5,0,11,0,0,0,0,0,0,0,0,0,0
0,3,0,4,0,0,0,0,0,0,0,0,351,351,0,0,0,0,639,0,112224,14,0,14,0,0,0,0,0,0,0,0,0,0
0,7,0,10,0,0,0,0,0,0,0,0,351,351,0,0,0,0,640,0,112427,5,0,13,0,0,0,0,0,0,0,0,0,0
3,3,3,20,3,4,26,0,1,0,0,0,353,353,0,11110,5,0,641,5,1013,5,0,5,4,1,0,1,2,0,1,2,2,26
1,8,4,10,1,1,46,0,0,1,1,0,353,353,0,11112,3,1,642,5,1876,3,0,5,7,0,0,1,0,1,0,2,2,46
0,1,4,3,1,2,66,0,0,0,0,1,353,353,0,20122,9,2,643,5,1877,9,1,8,10,0,0,1,0,0,1,1,0,66
4,16,4,21,1,3,26,0,0,0,0,0,353,353,0,2010,5,1,644,5,101083,5,0,8,4,3,1,0,2,0,2,0,1,26
2,23,1,12,3,2,46,0,0,0,0,0,353,353,0,20012,3,1,645,5,101084,3,1,3,7,1,1,0,0,0,1,1,0,46
0,7,4,1,6,2,86,0,0,1,1,0,353,353,0,12222,0,2,646,5,101085,0,2,3,13,0,0,1,0,1,0,1,0,86
1,14,4,13,0,5,46,0,0,0,0,0,353,353,0,20102,3,2,647,5,101088,3,0,5,7,0,0,1,0,0,2,0,1,46
1,6,3,17,4,4,41,0,0,0,0,0,353,353,0,1012,3,1,648,4,110093,3,0,3,5,1,1,0,0,1,0,2,0,41
4,21,2,24,2,4,13,0,1,0,0,0,353,353,0,11000,4,0,649,5,110395,4,0,3,2,3,2,0,2,0,1,1,1,13
4,22,3,25,1,4,13,0,1,0,0,0,353,353,0,1001,4,0,650,5,110396,4,0,3,2,3,1,0,1,0,2,1,1,13
0,17,2,14,1,5,46,0,0,0,0,0,353,353,0,2120,3,2,651,5,110404,3,0,9,7,3,0,1,2,0,2,1,0,46
2,11,2,22,1,5,20,0,1,0,0,0,353,353,0,11010,5,0,652,5,110406,5,0,8,3,3,0,1,2,0,2,1,2,20
1,20,3,8,1,2,60,0,0,0,0,0,353,353,0,22200,8,2,653,5,110580,8,1,5,9,0,1,0,2,0,1,0,0,60
5,19,0,26,0,2,6,0,1,0,0,0,353,353,0,10000,4,0,654,5,110581,4,0,3,1,3,2,0,2,0,2,0,1,6
1,12,2,18,0,1,33,0,0,0,0,0,353,353,0,1120,5,1,655,5,111019,5,0,9,5,4,1,0,2,0,1,1,1,33
1,13,2,11,1,1,46,0,0,1,1,0,353,353,0,11211,3,1,656,5,111022,3,0,9,7,3,0,1,1,1,0,2,2,46
1,2,4,4,0,1,66,0,0,0,0,0,353,353,0,21202,9,3,657,5,111706,9,0,3,10,0,0,1,0,0,1,1,0,66
3,25,2,7,3,1,60,0,0,0,0,0,353,353,0,2202,8,1,658,5,111707,8,2,0,9,3,1,0,0,0,1,0,0,60
3,15,7,2,3,2,73,0,0,1,1,0,353,353,0,11222,9,2,659,5,111708,9,1,9,11,1,0,1,0,1,0,1,1,73
2,9,2,5,4,2,60,0,0,1,1,0,353,353,0,11212,9,0,660,5,111710,9,2,8,9,0,0,1,0,1,0,1,2,60
0,4,3,9,3,3,53,0,0,0,0,0,353,353,0,10122,8,1,661,5,111711,8,1,3,8,0,0,1,0,0,1,0,2,53
2,18,2,19,3,6,33,0,0,0,0,0,353,353,0,12100,5,1,662,5,111713,5,0,5,5,1,1,0,2,0,1,2,0,33
2,26,2,23,0,3,16,0,1,0,0,0,353,353,0,1010,4,0,663,4,111714,4,0,5,2,2,0,1,2,0,2,0,2,16
4,24,4,16,4,5,40,0,0,0,0,0,353,353,0,11120,3,0,664,5,111715,3,1,5,6,0,0,1,2,0,1,1,2,40
2,10,4,6,1,1,60,0,0,1,1,0,353,353,0,21112,8,2,665,5,111716,8,0,5,9,0,0,1,0,1,0,2,1,60
1,5,1,15,3,3,40,0,0,0,0,0,353,353,0,220,3,1,666,5,112670,3,1,5,6,0,1,0,2,0,2,0,0,40
0,2,0,2,0,0,0,0,0,0,0,0,382,382,0,0,0,0,667,0,111592,0,0,0,0,0,0,0,0,0,0,0,0,0
15,11,18,11,13,25,26,0,0,0,0,0,2012,2012,0,20001,3,5,668,22,110955,3,2,3,27,1,2,0,1,0,7,2,4,23
11,6,19,4,19,16,40,0,0,0,0,0,2012,2012,0,20002,8,7,669,22,111724,8,5,8,41,1,2,0,0,0,3,4,1,56
19,9,35,3,19,16,60,0,0,0,0,0,2012,2012,0,20220,9,8,670,22,111768,9,5,3,45,0,0,1,2,0,3,2,4,66
14,7,20,7,15,22,53,0,0,0,0,0,2012,2012,0,20112,3,5,671,22,111769,3,3,3,29,1,4,0,0,0,5,2,3,50
23,13,20,12,9,12,13,0,0,0,0,0,2012,2012,0,11000,3,4,672,22,111774,3,3,3,26,1,5,0,2,0,5,3,2,36
18,14,7,15,10,18,6,0,0,0,0,0,2012,2012,8,10,4,2,673,22,111779,4,3,5,19,2,5,0,2,0,8,1,3,26
8,1,31,2,24,17,80,0,0,0,0,1,2012,2012,0,22220,9,9,674,22,111839,9,5,0,45,2,1,0,2,0,4,2,1,80
7,12,18,5,11,14,46,0,0,0,0,0,2012,2012,0,11211,8,6,675,22,112162,8,3,3,35,0,1,0,1,0,4,4,4,50
18,10,16,14,11,19,33,0,0,0,0,0,2012,2012,8,10102,5,3,676,22,112165,5,2,3,20,2,6,0,0,0,6,3,2,30
14,15,20,13,6,27,66,0,0,0,0,0,2012,2012,0,2122,5,6,677,22,112378,5,1,5,26,1,2,0,0,0,8,2,3,53
22,5,25,8,16,23,40,0,0,0,0,0,2012,2012,0,2020,3,5,678,22,112429,3,3,8,28,2,4,0,2,0,6,2,2,36
18,16,17,9,8,14,46,0,0,0,0,0,2012,2012,0,2210,3,5,679,22,112537,3,2,5,28,0,4,0,2,0,4,4,3,40
8,2,29,1,26,14,86,0,0,0,0,0,2012,2012,0,22122,0,9,680,22,112540,0,6,0,49,1,1,0,0,0,2,3,1,83
18,8,11,16,15,32,26,0,0,0,0,0,2012,2012,8,2010,4,1,681,22,112977,4,2,3,12,3,6,0,2,0,10,1,2,26
11,4,14,6,19,22,53,0,0,0,0,0,2012,2012,0,2112,3,4,682,22,112978,3,3,9,29,3,3,0,0,0,4,4,4,43
13,3,11,10,16,20,33,0,0,0,0,0,2012,2012,0,10210,3,4,683,22,112983,3,3,9,27,3,5,0,2,0,4,3,3,30
0,2,0,2,0,0,0,0,0,0,0,0,2028,2028,0,0,0,0,684,0,112264,0,0,0,0,0,0,0,0,0,0,0,0,0
8,6,7,9,4,6,46,0,0,0,0,0,2076,2076,6,20021,3,2,685,7,27,3,1,3,10,1,1,0,1,0,2,0,1,47
5,18,5,17,2,4,20,0,0,0,0,0,2076,20,6,111,4,1,686,7,29,4,0,6,7,4,1,0,1,0,1,2,2,33
2,20,7,5,8,6,53,0,0,0,0,0,2076,2076,6,10221,8,2,687,7,33,8,1,5,11,0,1,0,1,0,1,2,0,52
3,18,6,11,3,5,20,0,0,0,0,0,2076,2076,6,10101,3,1,688,7,162,3,1,7,9,3,0,1,1,0,2,0,3,42
6,19,6,1,4,0,86,0,0,0,0,0,2076,2076,6,22122,6,2,689,7,167,6,3,3,16,0,1,0,0,1,0,0,1,76
2,9,5,2,7,4,66,0,0,0,0,0,2076,2076,6,12220,6,2,690,7,172,6,2,3,14,0,1,0,2,1,0,1,1,66
4,17,7,4,3,1,40,0,0,0,0,0,2076,2076,6,11210,8,2,691,7,487,8,1,5,12,0,1,0,2,1,0,2,1,57
7,4,7,16,5,7,26,0,0,0,0,0,2076,2076,6,1002,5,1,692,7,492,5,1,5,7,1,2,0,0,0,2,0,1,33
3,10,2,13,7,9,40,0,0,0,0,0,2076,2076,6,22000,3,1,693,7,531,3,2,3,9,1,2,0,2,0,2,0,0,42
9,12,9,15,1,2,46,0,0,0,0,0,2076,2076,6,20012,5,2,694,7,550,5,0,5,8,1,2,0,0,0,1,2,0,38
5,3,3,8,3,1,53,0,0,0,0,0,2076,2076,6,21102,3,0,695,7,1832,3,2,3,10,1,1,0,0,1,0,2,2,47
5,8,3,7,7,5,46,0,0,0,0,0,2076,2076,6,221,3,1,696,7,110169,3,2,8,10,2,2,0,1,0,1,1,0,47
4,5,6,3,8,5,80,0,0,0,0,0,2076,2076,6,2222,7,2,697,7,110197,7,2,5,12,0,1,0,0,0,2,0,0,57
3,13,4,6,5,4,66,0,0,0,0,0,2076,2076,6,22210,8,1,698,7,110482,8,2,3,10,0,1,0,2,0,2,0,1,47
4,17,4,19,3,8,33,0,0,0,0,0,2076,20,6,11002,4,1,699,7,110500,4,0,6,6,4,1,0,0,0,2,1,2,28
6,11,5,10,3,6,26,0,0,0,0,0,2076,2076,6,1200,3,2,700,7,110591,3,1,8,10,2,1,0,2,0,2,1,0,47
1,15,4,12,4,6,33,0,0,0,0,0,2076,2076,6,12010,3,2,701,7,110592,3,0,8,9,2,0,1,2,0,2,2,1,42
5,7,2,20,3,7,26,0,0,0,0,0,2076,2076,6,2100,4,1,702,7,110597,4,0,5,5,2,2,0,2,0,2,2,0,23
4,16,2,18,4,7,40,0,0,0,0,0,2076,2076,6,22,4,1,703,7,110700,4,1,3,7,3,2,0,0,0,2,0,1,33
2,14,2,14,4,3,46,0,0,0,0,0,2076,2076,6,21111,3,0,704,7,111379,3,1,3,8,1,0,1,1,0,1,2,3,38
0,2,0,5,0,0,0,0,0,0,0,0,2136,2136,0,0,0,0,705,0,112998,0,0,0,2011,0,0,0,0,0,0,0,0,0
0,2,0,8,0,0,0,0,0,0,0,0,2136,2136,0,0,0,0,706,0,112999,0,0,0,1982,0,0,0,0,0,0,0,0,0
0,2,0,10,0,0,0,0,0,0,0,0,2136,2136,0,0,0,0,707,0,113000,0,0,0,1938,0,0,0,0,0,0,0,0,0
0,2,0,4,0,0,0,0,0,0,0,0,2136,2136,0,0,0,0,708,0,113002,0,0,0,2021,0,0,0,0,0,0,0,0,0
0,2,0,3,0,0,0,0,0,0,0,0,2136,2136,0,0,0,0,709,0,113003,0,0,0,2064,0,0,0,0,0,0,0,0,0
0,2,0,2,0,0,0,0,0,0,0,0,2136,2136,0,0,0,0,710,0,113004,0,0,0,2115,0,0,0,0,0,0,0,0,0
0,2,0,18,0,0,0,0,0,0,0,0,2136,2136,0,0,0,0,711,0,113005,0,0,0,1847,0,0,0,0,0,0,0,0,0
0,2,0,11,0,0,0,0,0,0,0,0,2136,2136,0,0,0,0,712,0,113007,0,0,0,1923,0,0,0,0,0,0,0,0,0
0,2,0,6,0,0,0,0,0,0,0,0,2136,2136,0,0,0,0,713,0,113008,0,0,0,2002,0,0,0,0,0,0,0,0,0
0,2,0,1,0,0,0,0,0,0,0,0,2136,2136,0,0,0,0,714,0,113009,0,0,0,2168,0,0,0,0,0,0,0,0,0
0,2,0,27,0,0,0,0,0,0,0,0,2136,2136,0,0,0,0,715,0,113010,0,0,0,1732,0,0,0,0,0,0,0,0,0
0,2,0,13,0,0,0,0,0,0,0,0,2136,2136,0,0,0,0,716,0,113011,0,0,0,1902,0,0,0,0,0,0,0,0,0
0,2,0,14,0,0,0,0,0,0,0,0,2136,2136,0,0,0,0,717,0,113012,0,0,0,1861,0,0,0,0,0,0,0,0,0
0,2,0,29,0,0,0,0,0,0,0,0,2136,2136,0,0,0,0,718,0,113258,0,0,0,1220,0,0,0,0,0,0,0,0,0
0,2,0,2,0,0,0,0,0,0,0,0,383,383,0,0,0,0,747,0,112428,0,0,0,0,0,0,0,0,0,0,0,0,0
0,1,0,1,0,0,0,0,0,0,0,0,1,1,0,0,0,0,0,0,1,0,0,0,0,0,0,0,-1,0,0,0,0,0
0,1,0,1,0,0,0,0,0,0,0,0,1,1,0,0,0,0,0,0,1,0,0,0,0,0,0,0,-1,0,0,0,0,0
0,1,0,1,0,0,0,0,0,0,0,0,1,1,0,0,0,0,0,0,1,0,0,0,0,0,0,0,-1,0,0,0,0,0
0,1,0,1,0,0,0,0,0,0,0,0,1,1,0,0,0,0,0,0,1,0,0,0,0,0,0,0,-1,0,0,0,0,0
0,1,0,1,0,0,0,0,0,0,0,0,1,1,0,0,0,0,0,0,1,0,0,0,0,0,0,0,-1,0,0,0,0,0
0,1,0,1,0,0,0,0,0,0,0,0,1,1,0,0,0,0,0,0,1,0,0,0,0,0,0,0,-1,0,0,0,0,0
0,1,0,1,0,0,0,0,0,0,0,0,1,1,0,0,0,0,0,0,1,0,0,0,0,0,0,0,-1,0,0,0,0,0
0,1,0,1,0,0,0,0,0,0,0,0,1,1,0,0,0,0,0,0,1,0,0,0,0,0,0,0,-1,0,0,0,0,0
0,1,0,1,0,0,0,0,0,0,0,0,1,1,0,0,0,0,0,0,1,0,0,0,0,0,0,0,-1,0,0,0,0,0
0,1,0,1,0,0,0,0,0,0,0,0,1,1,0,0,0,0,0,0,1,0,0,0,0,0,0,0,-1,0,0,0,0,0
0,1,0,1,0,0,0,0,0,0,0,0,1,1,0,0,0,0,0,0,1,0,0,0,0,0,0,0,-1,0,0,0,0,0
0,1,0,1,0,0,0,0,0,0,0,0,1,1,0,0,0,0,0,0,1,0,0,0,0,0,0,0,-1,0,0,0,0,0
0,1,0,1,0,0,0,0,0,0,0,0,1,1,0,0,0,0,0,0,1,0,0,0,0,0,0,0,-1,0,0,0,0,0
0,1,0,1,0,0,0,0,0,0,0,0,1,1,0,0,0,0,0,0,1,0,0,0,0,0,0,0,-1,0,0,0,0,0
0,1,0,1,0,0,0,0,0,0,0,0,1,1,0,0,0,0,0,0,1,0,0,0,0,0,0,0,-1,0,0,0,0,0
0,1,0,1,0,0,0,0,0,0,0,0,1,1,0,0,0,0,0,0,1,0,0,0,0,0,0,0,-1,0,0,0,0,0
0,1,0,1,0,0,0,0,0,0,0,0,1,1,0,0,0,0,0,0,1,0,0,0,0,0,0,0,-1,0,0,0,0,0
0,1,0,1,0,0,0,0,0,0,0,0,1,1,0,0,0,0,0,0,1,0,0,0,0,0,0,0,-1,0,0,0,0,0
0,1,0,1,0,0,0,0,0,0,0,0,1,1,0,0,0,0,0,0,1,0,0,0,0,0,0,0,-1,0,0,0,0,0
0,1,0,1,0,0,0,0,0,0,0,0,1,1,0,0,0,0,0,0,1,0,0,0,0,0,0,0,-1,0,0,0,0,0
0,1,0,1,0,0,0,0,0,0,0,0,1,1,0,0,0,0,0,0,1,0,0,0,0,0,0,0,-1,0,0,0,0,0
0,1,0,1,0,0,0,0,0,0,0,0,1,1,0,0,0,0,0,0,1,0,0,0,0,0,0,0,-1,0,0,0,0,0
0,1,0,1,0,0,0,0,0,0,0,0,1,1,0,0,0,0,0,0,1,0,0,0,0,0,0,0,-1,0,0,0,0,0
0,1,0,1,0,0,0,0,0,0,0,0,1,1,0,0,0,0,0,0,1,0,0,0,0,0,0,0,-1,0,0,0,0,0
0,1,0,1,0,0,0,0,0,0,0,0,1,1,0,0,0,0,0,0,1,0,0,0,0,0,0,0,-1,0,0,0,0,0
0,1,0,1,0,0,0,0,0,0,0,0,1,1,0,0,0,0,0,0,1,0,0,0,0,0,0,0,-1,0,0,0,0,0
0,1,0,1,0,0,0,0,0,0,0,0,1,1,0,0,0,0,0,0,1,0,0,0,0,0,0,0,-1,0,0,0,0,0
0,1,0,1,0,0,0,0,0,0,0,0,1,1,0,0,0,0,0,0,1,0,0,0,0,0,0,0,-1,0,0,0,0,0
0,1,0,1,0,0,0,0,0,0,0,0,1,1,0,0,0,0,0,0,1,0,0,0,0,0,0,0,-1,0,0,0,0,0
0,1,0,1,0,0,0,0,0,0,0,0,1,1,0,0,0,0,0,0,1,0,0,0,0,0,0,0,-1,0,0,0,0,0
0,1,0,1,0,0,0,0,0,0,0,0,1,1,0,0,0,0,0,0,1,0,0,0,0,0,0,0,-1,0,0,0,0,0
0,1,0,1,0,0,0,0,0,0,0,0,1,1,0,0,0,0,0,0,1,0,0,0,0,0,0,0,-1,0,0,0,0,0
0,1,0,1,0,0,0,0,0,0,0,0,1,1,0,0,0,0,0,0,1,0,0,0,0,0,0,0,-1,0,0,0,0,0
0,1,0,1,0,0,0,0,0,0,0,0,1,1,0,0,0,0,0,0,1,0,0,0,0,0,0,0,-1,0,0,0,0,0
0,1,0,1,0,0,0,0,0,0,0,0,1,1,0,0,0,0,0,0,1,0,0,0,0,0,0,0,-1,0,0,0,0,0
0,1,0,1,0,0,0,0,0,0,0,0,1,1,0,0,0,0,0,0,1,0,0,0,0,0,0,0,-1,0,0,0,0,0
0,1,0,1,0,0,0,0,0,0,0,0,1,1,0,0,0,0,0,0,1,0,0,0,0,0,0,0,-1,0,0,0,0,0
0,1,0,1,0,0,0,0,0,0,0,0,1,1,0,0,0,0,0,0,1,0,0,0,0,0,0,0,-1,0,0,0,0,0
0,1,0,1,0,0,0,0,0,0,0,0,1,1,0,0,0,0,0,0,1,0,0,0,0,0,0,0,-1,0,0,0,0,0
0,1,0,1,0,0,0,0,0,0,0,0,1,1,0,0,0,0,0,0,1,0,0,0,0,0,0,0,-1,0,0,0,0,0
0,1,0,1,0,0,0,0,0,0,0,0,1,1,0,0,0,0,0,0,1,0,0,0,0,0,0,0,-1,0,0,0,0,0
0,1,0,1,0,0,0,0,0,0,0,0,1,1,0,0,0,0,0,0,1,0,0,0,0,0,0,0,-1,0,0,0,0,0
0,1,0,1,0,0,0,0,0,0,0,0,1,1,0,0,0,0,0,0,1,0,0,0,0,0,0,0,-1,0,0,0,0,0
0,1,0,1,0,0,0,0,0,0,0,0,1,1,0,0,0,0,0,0,1,0,0,0,0,0,0,0,-1,0,0,0,0,0
0,1,0,1,0,0,0,0,0,0,0,0,1,1,0,0,0,0,0,0,1,0,0,0,0,0,0,0,-1,0,0,0,0,0
0,1,0,1,0,0,0,0,0,0,0,0,1,1,0,0,0,0,0,0,1,0,0,0,0,0,0,0,-1,0,0,0,0,0
0,1,0,1,0,0,0,0,0,0,0,0,1,1,0,0,0,0,0,0,1,0,0,0,0,0,0,0,-1,0,0,0,0,0
0,1,0,1,0,0,0,0,0,0,0,0,1,1,0,0,0,0,0,0,1,0,0,0,0,0,0,0,-1,0,0,0,0,0
0,1,0,1,0,0,0,0,0,0,0,0,1,1,0,0,0,0,0,0,1,0,0,0,0,0,0,0,-1,0,0,0,0,0
0,1,0,1,0,0,0,0,0,0,0,0,1,1,0,0,0,0,0,0,1,0,0,0,0,0,0,0,-1,0,0,0,0,0
0,1,0,1,0,0,0,0,0,0,0,0,1,1,0,0,0,0,0,0,1,0,0,0,0,0,0,0,-1,0,0,0,0,0
0,1,0,1,0,0,0,0,0,0,0,0,1,1,0,0,0,0,0,0,1,0,0,0,0,0,0,0,-1,0,0,0,0,0
0,1,0,1,0,0,0,0,0,0,0,0,1,1,0,0,0,0,0,0,1,0,0,0,0,0,0,0,-1,0,0,0,0,0
0,1,0,1,0,0,0,0,0,0,0,0,1,1,0,0,0,0,0,0,1,0,0,0,0,0,0,0,-1,0,0,0,0,0
0,1,0,1,0,0,0,0,0,0,0,0,1,1,0,0,0,0,0,0,1,0,0,0,0,0,0,0,-1,0,0,0,0,0
0,1,0,1,0,0,0,0,0,0,0,0,1,1,0,0,0,0,0,0,1,0,0,0,0,0,0,0,-1,0,0,0,0,0
0,1,0,1,0,0,0,0,0,0,0,0,1,1,0,0,0,0,0,0,1,0,0,0,0,0,0,0,-1,0,0,0,0,0
0,1,0,1,0,0,0,0,0,0,0,0,1,1,0,0,0,0,0,0,1,0,0,0,0,0,0,0,-1,0,0,0,0,0
0,1,0,1,0,0,0,0,0,0,0,0,1,1,0,0,0,0,0,0,1,0,0,0,0,0,0,0,-1,0,0,0,0,0
0,1,0,1,0,0,0,0,0,0,0,0,1,1,0,0,0,0,0,0,1,0,0,0,0,0,0,0,-1,0,0,0,0,0
0,1,0,1,0,0,0,0,0,0,0,0,1,1,0,0,0,0,0,0,1,0,0,0,0,0,0,0,-1,0,0,0,0,0
0,1,0,1,0,0,0,0,0,0,0,0,1,1,0,0,0,0,0,0,1,0,0,0,0,0,0,0,-1,0,0,0,0,0
0,1,0,1,0,0,0,0,0,0,0,0,1,1,0,0,0,0,0,0,1,0,0,0,0,0,0,0,-1,0,0,0,0,0
0,1,0,1,0,0,0,0,0,0,0,0,1,1,0,0,0,0,0,0,1,0,0,0,0,0,0,0,-1,0,0,0,0,0
0,1,0,1,0,0,0,0,0,0,0,0,1,1,0,0,0,0,0,0,1,0,0,0,0,0,0,0,-1,0,0,0,0,0
0,1,0,1,0,0,0,0,0,0,0,0,1,1,0,0,0,0,0,0,1,0,0,0,0,0,0,0,-1,0,0,0,0,0
0,1,0,1,0,0,0,0,0,0,0,0,1,1,0,0,0,0,0,0,1,0,0,0,0,0,0,0,-1,0,0,0,0,0
0,1,0,1,0,0,0,0,0,0,0,0,1,1,0,0,0,0,0,0,1,0,0,0,0,0,0,0,-1,0,0,0,0,0
0,1,0,1,0,0,0,0,0,0,0,0,1,1,0,0,0,0,0,0,1,0,0,0,0,0,0,0,-1,0,0,0,0,0
0,1,0,1,0,0,0,0,0,0,0,0,1,1,0,0,0,0,0,0,1,0,0,0,0,0,0,0,-1,0,0,0,0,0
0,1,0,1,0,0,0,0,0,0,0,0,1,1,0,0,0,0,0,0,1,0,0,0,0,0,0,0,-1,0,0,0,0,0
0,1,0,1,0,0,0,0,0,0,0,0,1,1,0,0,0,0,0,0,1,0,0,0,0,0,0,0,-1,0,0,0,0,0
0,1,0,1,0,0,0,0,0,0,0,0,1,1,0,0,0,0,0,0,1,0,0,0,0,0,0,0,-1,0,0,0,0,0
0,1,0,1,0,0,0,0,0,0,0,0,1,1,0,0,0,0,0,0,1,0,0,0,0,0,0,0,-1,0,0,0,0,0
0,1,0,1,0,0,0,0,0,0,0,0,1,1,0,0,0,0,0,0,1,0,0,0,0,0,0,0,-1,0,0,0,0,0
0,1,0,1,0,0,0,0,0,0,0,0,1,1,0,0,0,0,0,0,1,0,0,0,0,0,0,0,-1,0,0,0,0,0
0,1,0,1,0,0,0,0,0,0,0,0,1,1,0,0,0,0,0,0,1,0,0,0,0,0,0,0,-1,0,0,0,0,0
0,1,0,1,0,0,0,0,0,0,0,0,1,1,0,0,0,0,0,0,1,0,0,0,0,0,0,0,-1,0,0,0,0,0
0,1,0,1,0,0,0,0,0,0,0,0,1,1,0,0,0,0,0,0,1,0,0,0,0,0,0,0,-1,0,0,0,0,0
0,1,0,1,0,0,0,0,0,0,0,0,1,1,0,0,0,0,0,0,1,0,0,0,0,0,0,0,-1,0,0,0,0,0
0,1,0,1,0,0,0,0,0,0,0,0,1,1,0,0,0,0,0,0,1,0,0,0,0,0,0,0,-1,0,0,0,0,0
0,1,0,1,0,0,0,0,0,0,0,0,1,1,0,0,0,0,0,0,1,0,0,0,0,0,0,0,-1,0,0,0,0,0
0,1,0,1,0,0,0,0,0,0,0,0,1,1,0,0,0,0,0,0,1,0,0,0,0,0,0,0,-1,0,0,0,0,0
0,1,0,1,0,0,0,0,0,0,0,0,1,1,0,0,0,0,0,0,1,0,0,0,0,0,0,0,-1,0,0,0,0,0
0,1,0,1,0,0,0,0,0,0,0,0,1,1,0,0,0,0,0,0,1,0,0,0,0,0,0,0,-1,0,0,0,0,0
0,1,0,1,0,0,0,0,0,0,0,0,1,1,0,0,0,0,0,0,1,0,0,0,0,0,0,0,-1,0,0,0,0,0
0,1,0,1,0,0,0,0,0,0,0,0,1,1,0,0,0,0,0,0,1,0,0,0,0,0,0,0,-1,0,0,0,0,0
0,1,0,1,0,0,0,0,0,0,0,0,1,1,0,0,0,0,0,0,1,0,0,0,0,0,0,0,-1,0,0,0,0,0
0,1,0,1,0,0,0,0,0,0,0,0,1,1,0,0,0,0,0,0,1,0,0,0,0,0,0,0,-1,0,0,0,0,0
0,1,0,1,0,0,0,0,0,0,0,0,1,1,0,0,0,0,0,0,1,0,0,0,0,0,0,0,-1,0,0,0,0,0
0,1,0,1,0,0,0,0,0,0,0,0,1,1,0,0,0,0,0,0,1,0,0,0,0,0,0,0,-1,0,0,0,0,0
0,1,0,1,0,0,0,0,0,0,0,0,1,1,0,0,0,0,0,0,1,0,0,0,0,0,0,0,-1,0,0,0,0,0
0,1,0,1,0,0,0,0,0,0,0,0,1,1,0,0,0,0,0,0,1,0,0,0,0,0,0,0,-1,0,0,0,0,0
0,1,0,1,0,0,0,0,0,0,0,0,1,1,0,0,0,0,0,0,1,0,0,0,0,0,0,0,-1,0,0,0,0,0
